timestamp,Codigo,Nome,Grupo_Sinal,N_Total,N_Treino,N_Holdout,N_Lags,Modelo,Parametros,RMSE,MAE,MAPE,Selecionado,Ruido_Branco,LB_Pvalor,Lags_Sig_PACF,Metodo_Lags
20260527_095838,500000000,RECURSOS NÃO VINCULADOS DE IMPOSTOS,apenas_positivos,82,70,12,9,ARIMA,"(2,2,3)",375529880.6088667,279073091.9635189,10.195170950092498,False,False,3.8760379418381484e-48,"[1, 9]",pacf
20260527_095838,500000000,RECURSOS NÃO VINCULADOS DE IMPOSTOS,apenas_positivos,82,70,12,9,LR,Ridge(alpha=10.0),344224144.02885306,228587411.28595638,8.032639046644316,False,False,3.8760379418381484e-48,"[1, 9]",pacf
20260527_095838,500000000,RECURSOS NÃO VINCULADOS DE IMPOSTOS,apenas_positivos,82,70,12,9,SVR,"{'C': 1, 'epsilon': 1, 'kernel': 'rbf'}",298165954.11094993,251475082.74966776,9.633625816118933,True,False,3.8760379418381484e-48,"[1, 9]",pacf
20260527_095838,500000000,RECURSOS NÃO VINCULADOS DE IMPOSTOS,apenas_positivos,82,70,12,9,MLP,"{'hidden_layer_sizes': (50,), 'alpha': 0.01, 'learning_rate_init': 0.01}",392814711.4818814,273682455.2734025,9.646241031626019,False,False,3.8760379418381484e-48,"[1, 9]",pacf
20260527_095838,500150004,SEFAZ - FAAF - LC 547/2024,apenas_positivos,13,10,3,0,N/A,N/A,,,,False,True,0.9689561431959541,[],nenhum
20260527_095838,500410000,RECURSOS NÃO VINCULADOS DE IMPOSTOS - ISS,positivos_e_negativos,82,70,12,6,ARIMA,"(2,1,1)",921883.2083175512,765474.9670865758,86.37672577037475,True,False,8.228058935915455e-20,"[1, 3, 6]",pacf
20260527_095838,500410000,RECURSOS NÃO VINCULADOS DE IMPOSTOS - ISS,positivos_e_negativos,82,70,12,6,LR,Ridge(alpha=100.0),1014861.0561420587,829695.6792416419,74.22881948959214,False,False,8.228058935915455e-20,"[1, 3, 6]",pacf
20260527_095838,500410000,RECURSOS NÃO VINCULADOS DE IMPOSTOS - ISS,positivos_e_negativos,82,70,12,6,SVR,"{'C': 0.1, 'epsilon': 0.1, 'kernel': 'linear'}",946537.2538585069,779403.0149100545,80.03415731405313,False,False,8.228058935915455e-20,"[1, 3, 6]",pacf
20260527_095838,500410000,RECURSOS NÃO VINCULADOS DE IMPOSTOS - ISS,positivos_e_negativos,82,70,12,6,MLP,"{'hidden_layer_sizes': (100,), 'alpha': 0.01, 'learning_rate_init': 0.001}",945825.0257989261,780116.1179953291,74.72446811087292,False,False,8.228058935915455e-20,"[1, 3, 6]",pacf
20260527_095838,500710000,RECURSOS NÃO VINCULADOS DE IMPOSTOS - TRANSF FES,apenas_positivos,81,69,12,12,ARIMA,"(2,1,1)",13421549.149817854,9981297.225318305,20.613878455765107,False,False,0.003184380166162813,"[3, 12]",pacf
20260527_095838,500710000,RECURSOS NÃO VINCULADOS DE IMPOSTOS - TRANSF FES,apenas_positivos,81,69,12,12,LR,Ridge(alpha=100.0),13390424.675712628,10209905.536158383,20.708796702149204,True,False,0.003184380166162813,"[3, 12]",pacf
20260527_095838,500710000,RECURSOS NÃO VINCULADOS DE IMPOSTOS - TRANSF FES,apenas_positivos,81,69,12,12,SVR,"{'C': 0.1, 'epsilon': 1, 'kernel': 'rbf'}",14984492.66775466,11092686.773405246,22.184540000762066,False,False,0.003184380166162813,"[3, 12]",pacf
20260527_095838,500710000,RECURSOS NÃO VINCULADOS DE IMPOSTOS - TRANSF FES,apenas_positivos,81,69,12,12,MLP,"{'hidden_layer_sizes': (100, 50), 'alpha': 0.0001, 'learning_rate_init': 0.001}",14381332.385541825,10828009.518730741,21.815184586373253,False,False,0.003184380166162813,"[3, 12]",pacf
20260527_095838,501000000,OUTROS RECURSOS NÃO VINCULADOS,apenas_positivos,82,70,12,0,N/A,N/A,,,,False,True,0.26713190095431993,[],nenhum
20260527_095838,501020001,OUTROS RECURSOS NÃO VINCULADOS - TCE,positivos_e_negativos,82,70,12,3,ARIMA,"(0,1,2)",694604.7992901697,542880.1612800545,22.36209280513012,False,False,9.653803571581698e-79,"[1, 2, 3]",pacf
20260527_095838,501020001,OUTROS RECURSOS NÃO VINCULADOS - TCE,positivos_e_negativos,82,70,12,3,LR,Ridge(alpha=10.0),802828.736496989,644859.192415831,26.99257309907313,False,False,9.653803571581698e-79,"[1, 2, 3]",pacf
20260527_095838,501020001,OUTROS RECURSOS NÃO VINCULADOS - TCE,positivos_e_negativos,82,70,12,3,SVR,"{'C': 100, 'epsilon': 0.1, 'kernel': 'linear'}",484865.12377054675,370310.63084156305,15.543206009569314,True,False,9.653803571581698e-79,"[1, 2, 3]",pacf
20260527_095838,501020001,OUTROS RECURSOS NÃO VINCULADOS - TCE,positivos_e_negativos,82,70,12,3,MLP,"{'hidden_layer_sizes': (100,), 'alpha': 0.0001, 'learning_rate_init': 0.01}",890254.4439638174,738757.948435476,31.302386883911755,False,False,9.653803571581698e-79,"[1, 2, 3]",pacf
20260527_095838,501020002,CESSÃO E OPERACIONALIZAÇÃO DA FOLHA DE PAGAMENTO DO TCE,apenas_positivos,31,25,6,0,N/A,N/A,,,,False,True,0.7586690036165589,[],nenhum
20260527_095838,501120101,OUTROS RECURSOS NÃO VINCULADOS - PECONSIG,apenas_positivos,81,69,12,0,N/A,N/A,,,,False,True,0.5498813470834821,[],nenhum
20260527_095838,501130201,RECURSOS PRÓPRIOS DA SECRETARIA EXECUTIVA DE RESSOCIALIZAÇÃO - SERES,apenas_positivos,33,27,6,1,ARIMA,"(2,1,0)",39.66592940660921,35.71368454467537,17.642450988198576,False,False,8.157366001225069e-07,[1],pacf
20260527_095838,501130201,RECURSOS PRÓPRIOS DA SECRETARIA EXECUTIVA DE RESSOCIALIZAÇÃO - SERES,apenas_positivos,33,27,6,1,LR,Ridge(alpha=0.01),867.0377017212415,805.0966334237049,402.6666076109207,False,False,8.157366001225069e-07,[1],pacf
20260527_095838,501130201,RECURSOS PRÓPRIOS DA SECRETARIA EXECUTIVA DE RESSOCIALIZAÇÃO - SERES,apenas_positivos,33,27,6,1,SVR,"{'C': 1, 'epsilon': 0.01, 'kernel': 'linear'}",25.817946237696503,21.688142236666465,10.943313667929774,True,False,8.157366001225069e-07,[1],pacf
20260527_095838,501130201,RECURSOS PRÓPRIOS DA SECRETARIA EXECUTIVA DE RESSOCIALIZAÇÃO - SERES,apenas_positivos,33,27,6,1,MLP,"{'hidden_layer_sizes': (100, 50), 'alpha': 0.0001, 'learning_rate_init': 0.001}",2894.9418575093896,2834.873106829611,1438.3361001802757,False,False,8.157366001225069e-07,[1],pacf
20260527_095838,501140107,OUTROS RECURSOS NÃO VINCULADOS - CONSERVATÓRIO DE MÚSICA,apenas_positivos,74,62,12,12,ARIMA,"(3,1,3)",36192.32021803478,27146.752621154665,241.77210284547849,False,False,2.1804523956924222e-06,"[3, 4, 7, 12]",pacf
20260527_095838,501140107,OUTROS RECURSOS NÃO VINCULADOS - CONSERVATÓRIO DE MÚSICA,apenas_positivos,74,62,12,12,LR,Ridge(alpha=0.01),9427.920301428634,8534.859478371342,71.0487350462667,True,False,2.1804523956924222e-06,"[3, 4, 7, 12]",pacf
20260527_095838,501140107,OUTROS RECURSOS NÃO VINCULADOS - CONSERVATÓRIO DE MÚSICA,apenas_positivos,74,62,12,12,SVR,"{'C': 10, 'epsilon': 0.1, 'kernel': 'rbf'}",11087.923552253873,8857.598483799242,89.36456084654652,False,False,2.1804523956924222e-06,"[3, 4, 7, 12]",pacf
20260527_095838,501140107,OUTROS RECURSOS NÃO VINCULADOS - CONSERVATÓRIO DE MÚSICA,apenas_positivos,74,62,12,12,MLP,"{'hidden_layer_sizes': (100,), 'alpha': 0.01, 'learning_rate_init': 0.001}",13004.668694525551,9856.874503365529,58.133516203427696,False,False,2.1804523956924222e-06,"[3, 4, 7, 12]",pacf
20260527_095838,501150003,OUTROS RECURSOS NÃO VINCULADOS - FEEF,apenas_positivos,82,70,12,1,ARIMA,"(2,1,3)",11710560.064756008,10122651.889557747,20.818134969062694,False,False,1.4984789687455153e-71,[1],pacf
20260527_095838,501150003,OUTROS RECURSOS NÃO VINCULADOS - FEEF,apenas_positivos,82,70,12,1,LR,Ridge(alpha=0.01),7205473.447245436,6373584.325124166,12.759936193625101,False,False,1.4984789687455153e-71,[1],pacf
20260527_095838,501150003,OUTROS RECURSOS NÃO VINCULADOS - FEEF,apenas_positivos,82,70,12,1,SVR,"{'C': 100, 'epsilon': 0.01, 'kernel': 'linear'}",8331023.755717915,7014540.4867466735,14.420556971818336,False,False,1.4984789687455153e-71,[1],pacf
20260527_095838,501150003,OUTROS RECURSOS NÃO VINCULADOS - FEEF,apenas_positivos,82,70,12,1,MLP,"{'hidden_layer_sizes': (50,), 'alpha': 0.001, 'learning_rate_init': 0.01}",6723085.000824017,6227327.405905794,11.995960639784935,True,False,1.4984789687455153e-71,[1],pacf
20260527_095838,501150004,SEFAZ - FAAF - LC 547/ 2024,apenas_positivos,13,10,3,0,N/A,N/A,,,,False,True,0.9389298155639709,[],nenhum
20260527_095838,501150009,OUTROS RECURSOS NÃO VINCULADOS  - TESOURO - DIVERSOS,apenas_positivos,22,18,4,0,N/A,N/A,,,,False,True,0.9967132321021464,[],nenhum
20260527_095838,501150102,TAXA FUSP - SERVIÇOS SEFAZ,apenas_positivos,27,22,5,0,N/A,N/A,,,,False,True,0.9954004373936148,[],nenhum
20260527_095838,501310301,OUTROS RECURSOS NÃO VINCULADOS - HORTO DOIS IRMÃOS,apenas_positivos,61,49,12,0,N/A,N/A,,,,False,True,0.9958489708954247,[],nenhum
20260527_095838,501390301,"RECURSOS PROVENIENTES DE TAXAS, CONTRIBUIÇÕES E PREÇOS PÚBLICOS - SDS, I.M.L. E  I.T.B I.C.",positivos_e_negativos,27,22,5,0,N/A,N/A,,,,False,True,0.9995595697142009,[],nenhum
20260527_095838,501390601,OUTROS RECURSOS NÃO VINCULADOS - BOMBEIROS,apenas_positivos,77,65,12,0,N/A,N/A,,,,False,True,0.9999999995968369,[],nenhum
20260527_095838,501420341,OUTROS RECURSOS NÃO VINCULADOS - PECONSIG,apenas_positivos,82,70,12,4,ARIMA,"(1,1,2)",17522.612158402673,15479.842311282948,4.602875925886374,False,False,3.0785110858474244e-31,"[1, 2, 3, 4]",pacf
20260527_095838,501420341,OUTROS RECURSOS NÃO VINCULADOS - PECONSIG,apenas_positivos,82,70,12,4,LR,Ridge(alpha=10.0),29870.867223931473,27296.53533050725,8.135919000425647,False,False,3.0785110858474244e-31,"[1, 2, 3, 4]",pacf
20260527_095838,501420341,OUTROS RECURSOS NÃO VINCULADOS - PECONSIG,apenas_positivos,82,70,12,4,SVR,"{'C': 0.1, 'epsilon': 0.01, 'kernel': 'linear'}",13377.687979724604,11886.13323649976,3.5364023504495736,False,False,3.0785110858474244e-31,"[1, 2, 3, 4]",pacf
20260527_095838,501420341,OUTROS RECURSOS NÃO VINCULADOS - PECONSIG,apenas_positivos,82,70,12,4,MLP,"{'hidden_layer_sizes': (100,), 'alpha': 0.0001, 'learning_rate_init': 0.01}",12500.355733501192,10981.726926703346,3.2653639106026358,True,False,3.0785110858474244e-31,"[1, 2, 3, 4]",pacf
20260527_095838,501530403,TAXA FUSP - AGÊNCIA PERNAMBUCANA DE VIGILÂNCIA SANITÁRIA,apenas_positivos,27,22,5,0,N/A,N/A,,,,False,True,0.999849749445661,[],nenhum
20260527_095838,501544000,RECURSOS DE PRECATÓRIOS DO FUNDEF NÃO VINCULADOS,apenas_positivos,22,18,4,0,N/A,N/A,,,,False,True,0.47277553636872416,[],nenhum
20260527_095838,501560801,OUTROS RECURSOS NÃO VINCULADOS - ARENA PERNAMBUCO,positivos_e_negativos,82,70,12,1,ARIMA,"(1,1,3)",180019.39911214393,156019.72770852162,95.61511736574224,False,False,0.002975189063204234,[1],pacf
20260527_095838,501560801,OUTROS RECURSOS NÃO VINCULADOS - ARENA PERNAMBUCO,positivos_e_negativos,82,70,12,1,LR,Ridge(alpha=0.01),142514.31761094905,91034.80791910145,39.20176542213877,False,False,0.002975189063204234,[1],pacf
20260527_095838,501560801,OUTROS RECURSOS NÃO VINCULADOS - ARENA PERNAMBUCO,positivos_e_negativos,82,70,12,1,SVR,"{'C': 1, 'epsilon': 0.01, 'kernel': 'rbf'}",169697.54525272534,109462.48988202827,43.932682968858266,False,False,0.002975189063204234,[1],pacf
20260527_095838,501560801,OUTROS RECURSOS NÃO VINCULADOS - ARENA PERNAMBUCO,positivos_e_negativos,82,70,12,1,MLP,"{'hidden_layer_sizes': (100, 50), 'alpha': 0.0001, 'learning_rate_init': 0.001}",127763.7207829107,91972.09103203077,53.11746777737536,True,False,0.002975189063204234,[1],pacf
20260527_095838,501560802,OUTROS RECURSOS NÃO VINCULADOS - CAIS DO SERTÃO,apenas_positivos,71,59,12,12,ARIMA,"(0,0,2)",31741.21099147178,24406.404316992015,30.431668121317617,False,False,0.015502120964659376,"[2, 12]",pacf
20260527_095838,501560802,OUTROS RECURSOS NÃO VINCULADOS - CAIS DO SERTÃO,apenas_positivos,71,59,12,12,LR,Ridge(alpha=100.0),30610.97957068874,25404.85748843501,36.53302702633692,False,False,0.015502120964659376,"[2, 12]",pacf
20260527_095838,501560802,OUTROS RECURSOS NÃO VINCULADOS - CAIS DO SERTÃO,apenas_positivos,71,59,12,12,SVR,"{'C': 0.1, 'epsilon': 1, 'kernel': 'linear'}",36209.5304348634,29146.814310577334,46.38386411029595,False,False,0.015502120964659376,"[2, 12]",pacf
20260527_095838,501560802,OUTROS RECURSOS NÃO VINCULADOS - CAIS DO SERTÃO,apenas_positivos,71,59,12,12,MLP,"{'hidden_layer_sizes': (100, 50), 'alpha': 0.001, 'learning_rate_init': 0.001}",29346.726184270578,23648.245702481367,34.35704909585049,True,False,0.015502120964659376,"[2, 12]",pacf
20260527_095838,501560803,OUTROS RECURSOS NÃO VINCULADOS - MEMORIAL ARCOVERDE,positivos_e_negativos,27,22,5,0,N/A,N/A,,,,False,True,0.9745472325007389,[],nenhum
20260527_095838,501610801,OUTROS RECURSOS NÃO VINCULADOS - MULTAS CPRH,apenas_positivos,82,70,12,1,ARIMA,"(2,0,2)",253972.11195743774,102291.0006986495,42.714535221822054,False,False,0.00399203443251462,[1],pacf
20260527_095838,501610801,OUTROS RECURSOS NÃO VINCULADOS - MULTAS CPRH,apenas_positivos,82,70,12,1,LR,Ridge(alpha=0.01),255400.76872065582,104227.0718139464,43.0903391201334,False,False,0.00399203443251462,[1],pacf
20260527_095838,501610801,OUTROS RECURSOS NÃO VINCULADOS - MULTAS CPRH,apenas_positivos,82,70,12,1,SVR,"{'C': 1, 'epsilon': 0.1, 'kernel': 'linear'}",257426.9719053816,108079.66833490705,48.2957690351471,False,False,0.00399203443251462,[1],pacf
20260527_095838,501610801,OUTROS RECURSOS NÃO VINCULADOS - MULTAS CPRH,apenas_positivos,82,70,12,1,MLP,"{'hidden_layer_sizes': (100,), 'alpha': 0.01, 'learning_rate_init': 0.01}",253588.50717863586,101643.99884632423,40.83438626964649,True,False,0.00399203443251462,[1],pacf
20260527_095838,501651001,OUTROS RECURSOS NÃO VINCULADOS - FENASEG,apenas_positivos,23,19,4,0,N/A,N/A,,,,False,True,0.1502803802314027,[1],nenhum
20260527_095838,501651002,OUTROS RECURSOS NÃO VINCULADOS - FENASEG GRAVAME,positivos_e_negativos,67,55,12,0,N/A,N/A,,,,False,True,0.9999956749685293,[],nenhum
20260527_095838,501999001,OUTROS RECURSOS NÃO VINCULADOS - TAXA INSCRIÇÃO SELEÇÃO SIMPLIFICADA OU CONCURSO,apenas_positivos,21,17,4,0,N/A,N/A,,,,False,True,0.2717805470334322,[],nenhum
20260527_095838,540000000,TRANSFERÊNCIAS DO FUNDEB - IMPOSTOS E TRANSFERÊNCIAS DE IMPOSTOS,apenas_positivos,82,70,12,2,ARIMA,"(1,1,1)",45209453.93499976,35507095.55204029,10.603155085685541,True,False,2.127820128730509e-27,"[1, 2]",pacf
20260527_095838,540000000,TRANSFERÊNCIAS DO FUNDEB - IMPOSTOS E TRANSFERÊNCIAS DE IMPOSTOS,apenas_positivos,82,70,12,2,LR,Ridge(alpha=0.01),72459588.75415294,67247096.96752417,20.805165602788993,False,False,2.127820128730509e-27,"[1, 2]",pacf
20260527_095838,540000000,TRANSFERÊNCIAS DO FUNDEB - IMPOSTOS E TRANSFERÊNCIAS DE IMPOSTOS,apenas_positivos,82,70,12,2,SVR,"{'C': 1, 'epsilon': 1, 'kernel': 'linear'}",75708842.8681494,70498427.2767931,21.81468724222056,False,False,2.127820128730509e-27,"[1, 2]",pacf
20260527_095838,540000000,TRANSFERÊNCIAS DO FUNDEB - IMPOSTOS E TRANSFERÊNCIAS DE IMPOSTOS,apenas_positivos,82,70,12,2,MLP,"{'hidden_layer_sizes': (50,), 'alpha': 0.01, 'learning_rate_init': 0.001}",79088327.32393873,73727094.8476189,22.79596890141259,False,False,2.127820128730509e-27,"[1, 2]",pacf
20260527_095838,541000000,TRANSFERÊNCIAS DO FUNDEB - COMPLEMENTAÇÃO DA UNIÃO - VAAF,positivos_e_negativos,55,44,11,0,N/A,N/A,,,,False,True,0.6033592253131126,[3],nenhum
20260527_095838,543000000,TRANSFERÊNCIAS DO FUNDEB - COMPLEMENTAÇÃO DA UNIÃO - VAAR,positivos_e_negativos,31,25,6,0,N/A,N/A,,,,False,True,0.9971645273697607,[],nenhum
20260527_095838,544000000,RECURSOS DE PRECATÓRIOS DO FUNDEF,positivos_e_negativos,33,27,6,0,N/A,N/A,,,,False,True,0.9147703948501438,[6],nenhum
20260527_095838,550000000,TRANSFERÊNCIA DO SALÁRIO-EDUCAÇÃO,apenas_positivos,82,70,12,2,ARIMA,"(0,1,2)",5208684.8050466925,2815959.0040671206,9.769856505254548,True,False,8.920369458511415e-17,"[1, 2]",pacf
20260527_095838,550000000,TRANSFERÊNCIA DO SALÁRIO-EDUCAÇÃO,apenas_positivos,82,70,12,2,LR,Ridge(alpha=0.01),9689184.039702453,8576602.769199297,34.56331377033051,False,False,8.920369458511415e-17,"[1, 2]",pacf
20260527_095838,550000000,TRANSFERÊNCIA DO SALÁRIO-EDUCAÇÃO,apenas_positivos,82,70,12,2,SVR,"{'C': 100, 'epsilon': 0.1, 'kernel': 'linear'}",8463851.856955333,7215948.396570782,28.744041939367104,False,False,8.920369458511415e-17,"[1, 2]",pacf
20260527_095838,550000000,TRANSFERÊNCIA DO SALÁRIO-EDUCAÇÃO,apenas_positivos,82,70,12,2,MLP,"{'hidden_layer_sizes': (50,), 'alpha': 0.01, 'learning_rate_init': 0.001}",15522863.312942708,14922607.53828002,61.731156506737186,False,False,8.920369458511415e-17,"[1, 2]",pacf
20260527_095838,551001571,CONVÊNIO PROGRAMA DINHEIRO DIRETO NA ESCOLA - RES. CD/FNDE Nº 16 DE 09/12/15,apenas_positivos,46,37,9,0,N/A,N/A,,,,False,True,0.9772948775252872,[],nenhum
20260527_095838,552004599,CONVÊNIO PNAE - MERENDA ESCOLAR 2 -,apenas_positivos,72,60,12,8,ARIMA,"(0,1,3)",287.4503273963514,284.47405560231965,1077.1654665799986,False,False,5.31106360210416e-22,"[1, 2, 3, 8]",pacf
20260527_095838,552004599,CONVÊNIO PNAE - MERENDA ESCOLAR 2 -,apenas_positivos,72,60,12,8,LR,Ridge(alpha=0.01),4318.461706309633,4125.281254755433,17306.472593387574,False,False,5.31106360210416e-22,"[1, 2, 3, 8]",pacf
20260527_095838,552004599,CONVÊNIO PNAE - MERENDA ESCOLAR 2 -,apenas_positivos,72,60,12,8,SVR,"{'C': 0.1, 'epsilon': 0.01, 'kernel': 'linear'}",207.99281151594303,202.76586803272605,980.25657877937,True,False,5.31106360210416e-22,"[1, 2, 3, 8]",pacf
20260527_095838,552004599,CONVÊNIO PNAE - MERENDA ESCOLAR 2 -,apenas_positivos,72,60,12,8,MLP,"{'hidden_layer_sizes': (100,), 'alpha': 0.0001, 'learning_rate_init': 0.001}",3944.2073600029194,3894.3029768992433,17067.218206367703,False,False,5.31106360210416e-22,"[1, 2, 3, 8]",pacf
20260527_095838,552004762,CONVÊNIO PNAE - CARTÃO - RESOLUÇÃO Nº 04 DE 03/04/2015,apenas_positivos,72,60,12,0,N/A,N/A,,,,False,True,0.9579239311847599,[],nenhum
20260527_095838,553000000,TRANSFERÊNCIAS DE RECURSOS DO FNDE REFERENTES AO PROGRAMA NACIONAL DE APOIO AO TRANSPORTE ESCOLAR (PNATE),apenas_positivos,12,9,3,0,N/A,N/A,,,,False,True,0.9986838617192432,[],nenhum
20260527_095838,553004063,CONVÊNIO PNATE - PROGRAMA DE APOIO AO TRANSPORTE E - RESOLUÇÃO/CD/FNDE NO. 12/2011,apenas_positivos,81,69,12,0,N/A,N/A,,,,False,True,0.3446530957086399,[4],nenhum
20260527_095838,569003318,CONVÊNIO PAR INFRAESTRUTURA II - REFORMA E AMPLIAÇ - 700086/2008,apenas_positivos,45,36,9,0,N/A,N/A,,,,False,True,0.09465162049463002,[1],nenhum
20260527_095838,569003619,CONVÊNIO PAR BRASIL PROFISSIONALIZADO INFRAESTRUTU -,apenas_positivos,81,69,12,9,ARIMA,"(1,1,3)",21152.552670151184,17159.10788734528,15.787394300425673,True,False,3.0248669527445754e-103,"[1, 2, 3, 9]",pacf
20260527_095838,569003619,CONVÊNIO PAR BRASIL PROFISSIONALIZADO INFRAESTRUTU -,apenas_positivos,81,69,12,9,LR,Ridge(alpha=10.0),27291.019250953497,22732.445797879976,20.93518097607975,False,False,3.0248669527445754e-103,"[1, 2, 3, 9]",pacf
20260527_095838,569003619,CONVÊNIO PAR BRASIL PROFISSIONALIZADO INFRAESTRUTU -,apenas_positivos,81,69,12,9,SVR,"{'C': 10, 'epsilon': 0.1, 'kernel': 'linear'}",30100.193368007007,24835.35533667431,22.832140405292687,False,False,3.0248669527445754e-103,"[1, 2, 3, 9]",pacf
20260527_095838,569003619,CONVÊNIO PAR BRASIL PROFISSIONALIZADO INFRAESTRUTU -,apenas_positivos,81,69,12,9,MLP,"{'hidden_layer_sizes': (100, 50), 'alpha': 0.01, 'learning_rate_init': 0.01}",26650.819286779173,22175.33477934411,20.41518918056231,False,False,3.0248669527445754e-103,"[1, 2, 3, 9]",pacf
20260527_095838,569003863,CONVÊNIO PAC 2 CONSTRUÇÃO DE QUADRAS I - PAC 2442/2011,positivos_e_negativos,80,68,12,3,ARIMA,"(0,1,2)",37949.992336183925,22780.76895555161,41.29181133820783,False,False,8.183452272656283e-44,"[1, 3]",pacf
20260527_095838,569003863,CONVÊNIO PAC 2 CONSTRUÇÃO DE QUADRAS I - PAC 2442/2011,positivos_e_negativos,80,68,12,3,LR,Ridge(alpha=0.01),37581.82947271633,24882.346798754123,43.169435694706216,False,False,8.183452272656283e-44,"[1, 3]",pacf
20260527_095838,569003863,CONVÊNIO PAC 2 CONSTRUÇÃO DE QUADRAS I - PAC 2442/2011,positivos_e_negativos,80,68,12,3,SVR,"{'C': 100, 'epsilon': 0.01, 'kernel': 'linear'}",37378.01367602888,24410.67261098039,42.35295399914114,True,False,8.183452272656283e-44,"[1, 3]",pacf
20260527_095838,569003863,CONVÊNIO PAC 2 CONSTRUÇÃO DE QUADRAS I - PAC 2442/2011,positivos_e_negativos,80,68,12,3,MLP,"{'hidden_layer_sizes': (50,), 'alpha': 0.01, 'learning_rate_init': 0.001}",37922.27528983952,22910.562166174004,41.38193128526957,False,False,8.183452272656283e-44,"[1, 3]",pacf
20260527_095838,569003913,CONVÊNIO PAC 2 CONSTRUÇÃO DE QUADRAS II - 3583/2011,apenas_positivos,81,69,12,2,ARIMA,"(1,1,3)",6113.121385080832,4400.3439016102,44.73267684612293,True,False,5.6826814294965e-109,"[1, 2]",pacf
20260527_095838,569003913,CONVÊNIO PAC 2 CONSTRUÇÃO DE QUADRAS II - 3583/2011,apenas_positivos,81,69,12,2,LR,Ridge(alpha=1.0),6963.984793523598,5421.888572565257,47.52039762497267,False,False,5.6826814294965e-109,"[1, 2]",pacf
20260527_095838,569003913,CONVÊNIO PAC 2 CONSTRUÇÃO DE QUADRAS II - 3583/2011,apenas_positivos,81,69,12,2,SVR,"{'C': 1, 'epsilon': 0.01, 'kernel': 'linear'}",6705.383974891097,5127.286121041779,46.74881290489235,False,False,5.6826814294965e-109,"[1, 2]",pacf
20260527_095838,569003913,CONVÊNIO PAC 2 CONSTRUÇÃO DE QUADRAS II - 3583/2011,apenas_positivos,81,69,12,2,MLP,"{'hidden_layer_sizes': (50, 50), 'alpha': 0.001, 'learning_rate_init': 0.01}",6315.058096572337,4608.198828166272,45.283874161030454,False,False,5.6826814294965e-109,"[1, 2]",pacf
20260527_095838,569004064,CONVÊNIO PAR TERMO DE COMPROMISSO OBRAS II - BRASI - 10281/2013,apenas_positivos,80,68,12,0,N/A,N/A,,,,False,True,0.9792995890700068,[],nenhum
20260527_095838,569004243,CONVÊNIO PAR TERMO DE COMPROMISSO BRASIL PROFISSIO -,apenas_positivos,81,69,12,1,ARIMA,"(0,1,1)",2148.6722006388463,1802.0514135664787,21.932166798084737,False,False,6.138977536544281e-68,[1],pacf
20260527_095838,569004243,CONVÊNIO PAR TERMO DE COMPROMISSO BRASIL PROFISSIO -,apenas_positivos,81,69,12,1,LR,Ridge(alpha=0.01),2618.0647249218664,2222.8207277480874,27.136595346317545,False,False,6.138977536544281e-68,[1],pacf
20260527_095838,569004243,CONVÊNIO PAR TERMO DE COMPROMISSO BRASIL PROFISSIO -,apenas_positivos,81,69,12,1,SVR,"{'C': 100, 'epsilon': 0.1, 'kernel': 'linear'}",2494.9150467312143,2097.5951346545826,25.542906398425973,False,False,6.138977536544281e-68,[1],pacf
20260527_095838,569004243,CONVÊNIO PAR TERMO DE COMPROMISSO BRASIL PROFISSIO -,apenas_positivos,81,69,12,1,MLP,"{'hidden_layer_sizes': (50, 50), 'alpha': 0.0001, 'learning_rate_init': 0.01}",918.8211619934006,823.8969209297816,11.820661872472444,True,False,6.138977536544281e-68,[1],pacf
20260527_095838,569004279,CONVÊNIO PROGRAMA NACIONAL DE ACESSO AO ENSINO TÉC -,apenas_positivos,81,69,12,0,N/A,N/A,,,,False,True,0.9999999289731702,[],nenhum
20260527_095838,569004491,"CONVÊNIO PROGRAMA NACIONAL DE FOMENTO ÀS ESCOLAS D - RESOLUÇÃO Nº 7, DE 03/11/2016",positivos_e_negativos,80,68,12,0,N/A,N/A,,,,False,True,0.998730341188422,[],nenhum
20260527_095838,569004533,CONVÊNIO REFORMA DO AUDITÓRIO DO CAMPUS DA UPE EM  - 023017/2016,apenas_positivos,46,37,9,0,N/A,N/A,,,,False,True,0.9995012700627568,[],nenhum
20260527_095838,569004535,CONVÊNIO AQUISIÇÃO DE ACERVO BIBLIOGRÁFICO DA ÁREA - 022986/2016,apenas_positivos,44,36,8,0,N/A,N/A,,,,False,True,0.999999999980688,[],nenhum
20260527_095838,569004537,CONVÊNIO CONSTRUÇÃO DE ESPAÇO DE CONVIVÊNCIA NO CA - 022915/2016,apenas_positivos,72,60,12,0,N/A,N/A,,,,False,True,0.9999999994543513,[],nenhum
20260527_095838,569004544,CONVÊNIO PROGRAMA BRASIL ALFABETIZADO III - RESOLU - PROGRAMA BRASIL ALFABETIZADO,apenas_positivos,81,69,12,3,ARIMA,"(1,1,3)",19043.729548782972,12372.981754409731,11.736141290103873,False,False,1.377691613466506e-110,"[1, 2, 3]",pacf
20260527_095838,569004544,CONVÊNIO PROGRAMA BRASIL ALFABETIZADO III - RESOLU - PROGRAMA BRASIL ALFABETIZADO,apenas_positivos,81,69,12,3,LR,Ridge(alpha=10.0),23767.33326689392,15694.516487399198,14.48899132182735,False,False,1.377691613466506e-110,"[1, 2, 3]",pacf
20260527_095838,569004544,CONVÊNIO PROGRAMA BRASIL ALFABETIZADO III - RESOLU - PROGRAMA BRASIL ALFABETIZADO,apenas_positivos,81,69,12,3,SVR,"{'C': 100, 'epsilon': 0.1, 'kernel': 'linear'}",20169.929050670475,13314.75104594459,12.542022382890872,False,False,1.377691613466506e-110,"[1, 2, 3]",pacf
20260527_095838,569004544,CONVÊNIO PROGRAMA BRASIL ALFABETIZADO III - RESOLU - PROGRAMA BRASIL ALFABETIZADO,apenas_positivos,81,69,12,3,MLP,"{'hidden_layer_sizes': (50,), 'alpha': 0.0001, 'learning_rate_init': 0.01}",18472.254182191802,11990.627243569174,11.468265052890597,True,False,1.377691613466506e-110,"[1, 2, 3]",pacf
20260527_095838,569004596,CONVÊNIO PAR TERMO DE COMPROMISSO - ROBÓTICA - 1007/2017,apenas_positivos,81,69,12,4,ARIMA,"(3,1,1)",2259.715587032351,1856.4314464403258,20.06825162226796,False,False,3.03618696728943e-62,"[1, 4]",pacf
20260527_095838,569004596,CONVÊNIO PAR TERMO DE COMPROMISSO - ROBÓTICA - 1007/2017,apenas_positivos,81,69,12,4,LR,Ridge(alpha=0.1),1879.0508210748956,1508.8552491661012,16.24541364930537,True,False,3.03618696728943e-62,"[1, 4]",pacf
20260527_095838,569004596,CONVÊNIO PAR TERMO DE COMPROMISSO - ROBÓTICA - 1007/2017,apenas_positivos,81,69,12,4,SVR,"{'C': 1, 'epsilon': 0.1, 'kernel': 'linear'}",3378.9858804135974,2800.284850302556,30.277815970934718,False,False,3.03618696728943e-62,"[1, 4]",pacf
20260527_095838,569004596,CONVÊNIO PAR TERMO DE COMPROMISSO - ROBÓTICA - 1007/2017,apenas_positivos,81,69,12,4,MLP,"{'hidden_layer_sizes': (50,), 'alpha': 0.0001, 'learning_rate_init': 0.01}",5104.860873478752,4605.098042212524,51.524621726615116,False,False,3.03618696728943e-62,"[1, 4]",pacf
20260527_095838,569004611,CONVÊNIO PAR TERMO DE COMPROMISSO - 99-3 / 2018 BN - 99-3 / 2018,apenas_positivos,81,69,12,11,ARIMA,"(2,1,0)",1194.789989863443,1005.6466121588769,44.94350635575139,False,False,1.9650451483402627e-69,"[1, 11]",pacf
20260527_095838,569004611,CONVÊNIO PAR TERMO DE COMPROMISSO - 99-3 / 2018 BN - 99-3 / 2018,apenas_positivos,81,69,12,11,LR,Ridge(alpha=10.0),1795.8943964827133,1330.207358430432,64.49541781227603,False,False,1.9650451483402627e-69,"[1, 11]",pacf
20260527_095838,569004611,CONVÊNIO PAR TERMO DE COMPROMISSO - 99-3 / 2018 BN - 99-3 / 2018,apenas_positivos,81,69,12,11,SVR,"{'C': 0.1, 'epsilon': 0.01, 'kernel': 'linear'}",1542.635585905443,1289.3569700420023,57.99771209617308,False,False,1.9650451483402627e-69,"[1, 11]",pacf
20260527_095838,569004611,CONVÊNIO PAR TERMO DE COMPROMISSO - 99-3 / 2018 BN - 99-3 / 2018,apenas_positivos,81,69,12,11,MLP,"{'hidden_layer_sizes': (100, 50), 'alpha': 0.0001, 'learning_rate_init': 0.001}",897.9556373024427,720.8604882247624,21.324760893173547,True,False,1.9650451483402627e-69,"[1, 11]",pacf
20260527_095838,569004612,CONVÊNIO PAR TERMO DE COMPROMISSO - 333-3 / 2018 - - 333-3 / 2018,apenas_positivos,33,27,6,0,N/A,N/A,,,,False,True,0.9999999979652414,[],nenhum
20260527_095838,569004725,CONVÊNIO AQUISIÇÃO DE EQUIPAMENTOS PARA O LABORATÓ - 027850/2018,apenas_positivos,58,47,11,0,N/A,N/A,,,,False,True,0.8416730738346425,[6],nenhum
20260527_095838,569004726,CONVÊNIO AQUISIÇÃO DE EQUIPAMENTOS PARA REQUALIFIC - 027016/2018,apenas_positivos,57,46,11,0,N/A,N/A,,,,False,True,0.9999999999999519,[],nenhum
20260527_095838,569004727,CONVÊNIO AQUISIÇÃO DE EQUIPAMENTOS E MOBILIÁRIO PA - 028883/2018,apenas_positivos,57,46,11,0,N/A,N/A,,,,False,True,0.9999999999969523,[],nenhum
20260527_095838,569004763,CONVÊNIO PAR TERMO DE COMPROMISSO - BNCC - ENSINO  - 1068-3/2019,apenas_positivos,57,46,11,0,N/A,N/A,,,,False,True,0.999999999955335,[],nenhum
20260527_095838,569005039,CONVÊNIO PAR TERMO DE COMPROMISSO - EMENDA PARLAME - 3832-3/2021,apenas_positivos,28,23,5,1,ARIMA,"(0,2,2)",1.4351821639502909,1.119475004220012,3.9675058660801095,True,False,0.00535050750542737,[1],pacf
20260527_095838,569005039,CONVÊNIO PAR TERMO DE COMPROMISSO - EMENDA PARLAME - 3832-3/2021,apenas_positivos,28,23,5,1,LR,Ridge(alpha=0.01),5.387904601640245,4.763194723042519,16.846689529897706,False,False,0.00535050750542737,[1],pacf
20260527_095838,569005039,CONVÊNIO PAR TERMO DE COMPROMISSO - EMENDA PARLAME - 3832-3/2021,apenas_positivos,28,23,5,1,SVR,"{'C': 1, 'epsilon': 0.1, 'kernel': 'linear'}",5.2920246347759745,4.6731786218588045,16.524121857791627,False,False,0.00535050750542737,[1],pacf
20260527_095838,569005039,CONVÊNIO PAR TERMO DE COMPROMISSO - EMENDA PARLAME - 3832-3/2021,apenas_positivos,28,23,5,1,MLP,"{'hidden_layer_sizes': (50,), 'alpha': 0.01, 'learning_rate_init': 0.001}",6.876870429134338,6.457808234804924,23.09369898595123,False,False,0.00535050750542737,[1],pacf
20260527_095838,569005107,CONVÊNIO CURSOS DE EXTENSÃO UNIVERSITÁRIA EM NÍVEL - 026965/2021,apenas_positivos,21,17,4,0,N/A,N/A,,,,False,True,0.9999967101530923,[],nenhum
20260527_095838,569005117,CONVÊNIO PROGRAMA EMERGENCIAL DE EDUCAÇÃO CONECTAD - 00025320220001-006905,apenas_positivos,43,35,8,0,N/A,N/A,,,,False,True,0.99999999994059,[],nenhum
20260527_095838,569005126,CONVÊNIO PROGRAMA PRONATEC - QUALIFICA MAIS EMPREG - RESOLUÇÃO CD/FNDE Nº 08 DE 20/,apenas_positivos,34,28,6,0,N/A,N/A,,,,False,True,0.999999995619203,[],nenhum
20260527_095838,569005192,CONVÊNIO IMPLANTAÇÃO DE CURSOS DE GRADUAÇÃO NA ÁRE - 005032/2022,apenas_positivos,23,19,4,0,N/A,N/A,,,,False,True,0.9999987370590907,[],nenhum
20260527_095838,569005194,CONVÊNIO AQUISIÇÃO DOS EQUIPAMENTOS PARA AULAS PRÁ - 005091/2022,apenas_positivos,29,24,5,0,N/A,N/A,,,,False,True,0.999999346716927,[],nenhum
20260527_095838,569005343,CONVÊNIO PROGRAMA ESCOLA EM TEMPO INTEGRAL -,apenas_positivos,23,19,4,0,N/A,N/A,,,,False,True,0.5614688807926915,[],nenhum
20260527_095838,569005357,CONVÊNIO PAR TERMO DE COMPROMISSO - REPRODUÇÃO DE  - 948921-8/2023,apenas_positivos,19,16,3,0,N/A,N/A,,,,False,True,0.9999956658823197,[],nenhum
20260527_095838,569005381,CONVÊNIO CONSTRUÇÃO DE BLOCO PARA IMPLANTAÇÃO DE U - 001319/2020,apenas_positivos,14,11,3,0,N/A,N/A,,,,False,True,0.9522358598338122,[],nenhum
20260527_095838,569005390,CONVÊNIO PAR TERMO DE COMPROMISSO - FORMAÇÃO - 955629-2/2024,apenas_positivos,19,16,3,0,N/A,N/A,,,,False,True,0.9999940080704071,[],nenhum
20260527_095838,570003601,CONVÊNIO ARQUIVO PÚBLICO - 9209042/2010,apenas_positivos,73,61,12,8,ARIMA,"(2,1,3)",1076.5806075240055,924.1814544130044,25.707835735049716,False,False,4.25364968822084e-43,"[1, 2, 6, 8]",pacf
20260527_095838,570003601,CONVÊNIO ARQUIVO PÚBLICO - 9209042/2010,apenas_positivos,73,61,12,8,LR,Ridge(alpha=100.0),1248.711303935088,1084.0217289325712,30.204453447174938,False,False,4.25364968822084e-43,"[1, 2, 6, 8]",pacf
20260527_095838,570003601,CONVÊNIO ARQUIVO PÚBLICO - 9209042/2010,apenas_positivos,73,61,12,8,SVR,"{'C': 0.1, 'epsilon': 0.01, 'kernel': 'linear'}",1607.0025069715828,1388.7737097065055,38.63115175194232,False,False,4.25364968822084e-43,"[1, 2, 6, 8]",pacf
20260527_095838,570003601,CONVÊNIO ARQUIVO PÚBLICO - 9209042/2010,apenas_positivos,73,61,12,8,MLP,"{'hidden_layer_sizes': (100,), 'alpha': 0.0001, 'learning_rate_init': 0.01}",239.5009228890652,213.24714630080044,6.96298256171755,True,False,4.25364968822084e-43,"[1, 2, 6, 8]",pacf
20260527_095838,570004562,CONVÊNIO APOIO À IMPLANTAÇÃO DE CURSOS NO ÂMBITO D - 038113/2016,apenas_positivos,82,70,12,0,N/A,N/A,,,,False,True,0.9999999999867529,[],nenhum
20260527_095838,570004707,CONVÊNIO CURSO DE GRADUAÇÃO EM LICENCIATURA EM GEO - 056687/2017,apenas_positivos,74,62,12,0,N/A,N/A,,,,False,True,0.5745874945905953,[11],nenhum
20260527_095838,570005007,CONVÊNIO TITULAÇÃO COM O GRAU EM MESTRE EM ENSINO  - 019362/2020,apenas_positivos,52,42,10,0,N/A,N/A,,,,False,True,0.9997797329866036,[],nenhum
20260527_095838,570005035,CONVÊNIO FORMAÇÃO DE LICENCIADOS EM CIÊNCIAS BIOLÓ - 020178/2021,apenas_positivos,50,40,10,0,N/A,N/A,,,,False,True,0.999931093383024,[],nenhum
20260527_095838,570005306,"CONVÊNIO FORMAÇÃO DE LICENCIADOS, BACHARÉIS, TECNÓ - 025676/2022",apenas_positivos,20,16,4,0,N/A,N/A,,,,False,True,0.9287136984849793,[],nenhum
20260527_095838,570005355,CONVÊNIO AQUISIÇÃO DE EQUIPAMENTOS DE TIC PARA SUP - 058427/2023,apenas_positivos,20,16,4,0,N/A,N/A,,,,False,True,0.9999945295057969,[],nenhum
20260527_095838,570005401,CONVÊNIO APOIO AO DESENVOLVIMENTO DA INDÚSTRIA TÊX - 063133/2023,apenas_positivos,16,13,3,0,N/A,N/A,,,,False,True,0.9993054014991156,[],nenhum
20260527_095838,600000000,TRANSFERÊNCIAS FUNDO A FUNDO DE RECURSOS DO SUS PROVENIENTES DO GOVERNO FEDERAL - BLOCO DE MANUTENÇÃO DAS AÇÕES E SERVIÇOS PÚBLICOS DE SAÚDE,apenas_positivos,82,70,12,0,N/A,N/A,,,,False,True,0.8424992726493521,[],nenhum
20260527_095838,600001959,CONVÊNIO PROGRAMA PAM DST/AIDS - PORTARIA Nº 572/2003,apenas_positivos,67,55,12,0,N/A,N/A,,,,False,True,0.9774257567521598,[],nenhum
20260527_095838,600002078,CONVÊNIO PROGRAMA EXTRA TETO ANTI-RÁBICA - PORTARIA Nº 1.736/2004,apenas_positivos,70,58,12,0,N/A,N/A,,,,False,True,0.9999999955247103,[],nenhum
20260527_095838,600002083,CONVÊNIO PROGRAMA EXTRA TETO PÓLIO - PORTARIA Nº 1045/04,apenas_positivos,69,57,12,11,ARIMA,"(0,1,1)",39.210483989155335,22.383488592227607,16.767831505727717,False,False,2.376825125539737e-19,"[1, 11]",pacf
20260527_095838,600002083,CONVÊNIO PROGRAMA EXTRA TETO PÓLIO - PORTARIA Nº 1045/04,apenas_positivos,69,57,12,11,LR,Ridge(alpha=100.0),40.738543217833964,24.910390380304907,19.51994538147545,False,False,2.376825125539737e-19,"[1, 11]",pacf
20260527_095838,600002083,CONVÊNIO PROGRAMA EXTRA TETO PÓLIO - PORTARIA Nº 1045/04,apenas_positivos,69,57,12,11,SVR,"{'C': 0.1, 'epsilon': 1, 'kernel': 'rbf'}",39.38928003219032,22.695964828321618,17.114132508122545,False,False,2.376825125539737e-19,"[1, 11]",pacf
20260527_095838,600002083,CONVÊNIO PROGRAMA EXTRA TETO PÓLIO - PORTARIA Nº 1045/04,apenas_positivos,69,57,12,11,MLP,"{'hidden_layer_sizes': (50, 50), 'alpha': 0.001, 'learning_rate_init': 0.001}",32.616280905792884,18.46170293230717,14.734977960669779,True,False,2.376825125539737e-19,"[1, 11]",pacf
20260527_095838,600002199,CONVÊNIO PROGRAMA AGENTES COMUNITÁRIOS DE SAÚDE -  - PORTARIA Nº 2.474/04,positivos_e_negativos,64,52,12,2,ARIMA,"(0,0,2)",55.01623996893117,53.04540403445562,219.6982554426842,False,False,0.002079929458992243,"[1, 2]",pacf
20260527_095838,600002199,CONVÊNIO PROGRAMA AGENTES COMUNITÁRIOS DE SAÚDE -  - PORTARIA Nº 2.474/04,positivos_e_negativos,64,52,12,2,LR,Ridge(alpha=100.0),10.539090442259024,7.511353131553807,24.46518522988265,False,False,0.002079929458992243,"[1, 2]",pacf
20260527_095838,600002199,CONVÊNIO PROGRAMA AGENTES COMUNITÁRIOS DE SAÚDE -  - PORTARIA Nº 2.474/04,positivos_e_negativos,64,52,12,2,SVR,"{'C': 100, 'epsilon': 0.01, 'kernel': 'rbf'}",15.759753632130664,11.838168688291399,36.013402038130785,False,False,0.002079929458992243,"[1, 2]",pacf
20260527_095838,600002199,CONVÊNIO PROGRAMA AGENTES COMUNITÁRIOS DE SAÚDE -  - PORTARIA Nº 2.474/04,positivos_e_negativos,64,52,12,2,MLP,"{'hidden_layer_sizes': (100, 50), 'alpha': 0.0001, 'learning_rate_init': 0.001}",10.015041909042706,7.614575741361167,27.68315267321329,True,False,0.002079929458992243,"[1, 2]",pacf
20260527_095838,600002345,CONVÊNIO PROGRAMA EXTRA TETO IDOSO/2006 - PORTARIA Nº 1.343/2006,apenas_positivos,58,47,11,2,ARIMA,"(3,0,3)",809.6039096018166,735.4354015088055,71.97562923588964,False,False,2.0947930908421476e-06,"[1, 2]",pacf
20260527_095838,600002345,CONVÊNIO PROGRAMA EXTRA TETO IDOSO/2006 - PORTARIA Nº 1.343/2006,apenas_positivos,58,47,11,2,LR,Ridge(alpha=0.01),586.9766374861904,540.6193353703749,57.13782655686467,False,False,2.0947930908421476e-06,"[1, 2]",pacf
20260527_095838,600002345,CONVÊNIO PROGRAMA EXTRA TETO IDOSO/2006 - PORTARIA Nº 1.343/2006,apenas_positivos,58,47,11,2,SVR,"{'C': 1, 'epsilon': 0.1, 'kernel': 'linear'}",522.1404341582953,341.65248897290326,23.210666872860955,False,False,2.0947930908421476e-06,"[1, 2]",pacf
20260527_095838,600002345,CONVÊNIO PROGRAMA EXTRA TETO IDOSO/2006 - PORTARIA Nº 1.343/2006,apenas_positivos,58,47,11,2,MLP,"{'hidden_layer_sizes': (50, 50), 'alpha': 0.0001, 'learning_rate_init': 0.001}",475.09774539252857,460.60254252869964,47.17796960869556,True,False,2.0947930908421476e-06,"[1, 2]",pacf
20260527_095838,600002422,CONVÊNIO PROGRAMA COMBATE AS CARÊNCIAS NUTRICIONAI - PORTARIA 1.357/2006,apenas_positivos,68,56,12,0,N/A,N/A,,,,False,True,0.9999999525151286,[],nenhum
20260527_095838,600003885,CONVÊNIO PVVPS - PORTARIA Nº 2.849/2011,apenas_positivos,38,31,7,6,ARIMA,"(2,0,0)",377.01190622407984,353.38918233257954,407329.3502051154,False,False,7.82739718740125e-14,"[1, 6]",pacf
20260527_095838,600003885,CONVÊNIO PVVPS - PORTARIA Nº 2.849/2011,apenas_positivos,38,31,7,6,LR,Ridge(alpha=10.0),30.66186643311351,29.84051922768037,34789.02957372772,False,False,7.82739718740125e-14,"[1, 6]",pacf
20260527_095838,600003885,CONVÊNIO PVVPS - PORTARIA Nº 2.849/2011,apenas_positivos,38,31,7,6,SVR,"{'C': 100, 'epsilon': 0.01, 'kernel': 'linear'}",16.482065758067183,16.111578928912472,18796.38638338669,True,False,7.82739718740125e-14,"[1, 6]",pacf
20260527_095838,600003885,CONVÊNIO PVVPS - PORTARIA Nº 2.849/2011,apenas_positivos,38,31,7,6,MLP,"{'hidden_layer_sizes': (50,), 'alpha': 0.001, 'learning_rate_init': 0.001}",113.58630187767979,112.3475413006194,133718.00197896909,False,False,7.82739718740125e-14,"[1, 6]",pacf
20260527_095838,600003904,CONVÊNIO VIGILÂNCIA EM SAÚDE - FINLACEN-VISA - PORTARIA MS Nº 2.982/2011,apenas_positivos,82,70,12,9,ARIMA,"(1,2,1)",964.3342581686173,852.282242219057,12.27666791604417,True,False,1.919575607634271e-118,"[1, 2, 3, 9]",pacf
20260527_095838,600003904,CONVÊNIO VIGILÂNCIA EM SAÚDE - FINLACEN-VISA - PORTARIA MS Nº 2.982/2011,apenas_positivos,82,70,12,9,LR,Ridge(alpha=10.0),1295.8050140425503,1144.7957849633758,16.48474228744149,False,False,1.919575607634271e-118,"[1, 2, 3, 9]",pacf
20260527_095838,600003904,CONVÊNIO VIGILÂNCIA EM SAÚDE - FINLACEN-VISA - PORTARIA MS Nº 2.982/2011,apenas_positivos,82,70,12,9,SVR,"{'C': 1, 'epsilon': 0.01, 'kernel': 'linear'}",1644.5108882219233,1443.2301289154377,20.77680661606096,False,False,1.919575607634271e-118,"[1, 2, 3, 9]",pacf
20260527_095838,600003904,CONVÊNIO VIGILÂNCIA EM SAÚDE - FINLACEN-VISA - PORTARIA MS Nº 2.982/2011,apenas_positivos,82,70,12,9,MLP,"{'hidden_layer_sizes': (50,), 'alpha': 0.0001, 'learning_rate_init': 0.01}",1245.5563544564234,1105.3424793366955,15.927733416025278,False,False,1.919575607634271e-118,"[1, 2, 3, 9]",pacf
20260527_095838,600004296,CONVÊNIO PROFAPS - PORTARIAS Nº 3189,apenas_positivos,60,48,12,2,ARIMA,"(1,1,0)",4789.240197874782,2633.25678419556,16.56071357835002,True,False,1.5253910290233823e-06,"[1, 2]",pacf
20260527_095838,600004296,CONVÊNIO PROFAPS - PORTARIAS Nº 3189,apenas_positivos,60,48,12,2,LR,Ridge(alpha=10.0),5861.598166940224,4144.943907472336,30.128690008454974,False,False,1.5253910290233823e-06,"[1, 2]",pacf
20260527_095838,600004296,CONVÊNIO PROFAPS - PORTARIAS Nº 3189,apenas_positivos,60,48,12,2,SVR,"{'C': 1, 'epsilon': 0.01, 'kernel': 'linear'}",8451.930847567193,7102.0293467069305,57.21664397745167,False,False,1.5253910290233823e-06,"[1, 2]",pacf
20260527_095838,600004296,CONVÊNIO PROFAPS - PORTARIAS Nº 3189,apenas_positivos,60,48,12,2,MLP,"{'hidden_layer_sizes': (50, 50), 'alpha': 0.001, 'learning_rate_init': 0.01}",9016.26702697103,7945.41982950594,65.3613604097426,False,False,1.5253910290233823e-06,"[1, 2]",pacf
20260527_095838,600004310,CONVÊNIO SES/PE PNA-CNCDO (CENTRAL DE TRANSPLANTE) - PORTARIA MS Nº 207/14,apenas_positivos,62,50,12,1,ARIMA,"(2,0,3)",2053.8589244466625,1842.059009421603,5839.366219072736,False,False,8.2289239383924655e-19,[1],pacf
20260527_095838,600004310,CONVÊNIO SES/PE PNA-CNCDO (CENTRAL DE TRANSPLANTE) - PORTARIA MS Nº 207/14,apenas_positivos,62,50,12,1,LR,Ridge(alpha=1.0),5882.587230736431,5584.455569510613,16201.691778023789,False,False,8.2289239383924655e-19,[1],pacf
20260527_095838,600004310,CONVÊNIO SES/PE PNA-CNCDO (CENTRAL DE TRANSPLANTE) - PORTARIA MS Nº 207/14,apenas_positivos,62,50,12,1,SVR,"{'C': 100, 'epsilon': 0.01, 'kernel': 'linear'}",668.6192880723928,592.1376894194336,1657.8925714623804,True,False,8.2289239383924655e-19,[1],pacf
20260527_095838,600004310,CONVÊNIO SES/PE PNA-CNCDO (CENTRAL DE TRANSPLANTE) - PORTARIA MS Nº 207/14,apenas_positivos,62,50,12,1,MLP,"{'hidden_layer_sizes': (100, 50), 'alpha': 0.01, 'learning_rate_init': 0.001}",963.4050208028119,932.9825167232608,2747.767112154394,False,False,8.2289239383924655e-19,[1],pacf
20260527_095838,600004435,CONVÊNIO PROGRAMA FINLACEN -,apenas_positivos,82,70,12,2,ARIMA,"(0,1,1)",809.6722199019571,551.4950560253261,22.263614143422863,True,False,1.2219735144504253e-32,"[1, 2]",pacf
20260527_095838,600004435,CONVÊNIO PROGRAMA FINLACEN -,apenas_positivos,82,70,12,2,LR,Ridge(alpha=0.01),7803.4916693135165,7329.41143105514,403.5824140313971,False,False,1.2219735144504253e-32,"[1, 2]",pacf
20260527_095838,600004435,CONVÊNIO PROGRAMA FINLACEN -,apenas_positivos,82,70,12,2,SVR,"{'C': 10, 'epsilon': 0.01, 'kernel': 'linear'}",859.9589886544625,659.4947209159703,29.150262859457182,False,False,1.2219735144504253e-32,"[1, 2]",pacf
20260527_095838,600004435,CONVÊNIO PROGRAMA FINLACEN -,apenas_positivos,82,70,12,2,MLP,"{'hidden_layer_sizes': (100,), 'alpha': 0.01, 'learning_rate_init': 0.001}",3217.326670267415,2830.652648239591,148.2413685696165,False,False,1.2219735144504253e-32,"[1, 2]",pacf
20260527_095838,600004439,CONVÊNIO PRÓ-RESIDÊNCIA MÉDICA - PORTARIA Nº 961/2015,apenas_positivos,74,62,12,2,ARIMA,"(0,1,1)",134222.03443162338,68700.09944967357,201.50776151219358,False,False,2.0674907586185155e-38,"[1, 2]",pacf
20260527_095838,600004439,CONVÊNIO PRÓ-RESIDÊNCIA MÉDICA - PORTARIA Nº 961/2015,apenas_positivos,74,62,12,2,LR,Ridge(alpha=10.0),145835.06261926077,84850.53577694477,152.0801472298718,False,False,2.0674907586185155e-38,"[1, 2]",pacf
20260527_095838,600004439,CONVÊNIO PRÓ-RESIDÊNCIA MÉDICA - PORTARIA Nº 961/2015,apenas_positivos,74,62,12,2,SVR,"{'C': 1, 'epsilon': 0.01, 'kernel': 'linear'}",136668.71136540204,72270.85783927776,190.1149274111841,False,False,2.0674907586185155e-38,"[1, 2]",pacf
20260527_095838,600004439,CONVÊNIO PRÓ-RESIDÊNCIA MÉDICA - PORTARIA Nº 961/2015,apenas_positivos,74,62,12,2,MLP,"{'hidden_layer_sizes': (50,), 'alpha': 0.001, 'learning_rate_init': 0.01}",131389.27279033285,65642.45821727028,217.3111383207911,True,False,2.0674907586185155e-38,"[1, 2]",pacf
20260527_095838,600004441,CONVÊNIO FN-SUS/MICROCEFALIA/LACEN-PE - PORT. INTERM. Nº 405/2016,apenas_positivos,82,70,12,9,ARIMA,"(3,2,3)",1274.9578114149763,1136.3243299815156,15.820019924723796,True,False,5.281670200439142e-106,"[1, 4, 7, 9]",pacf
20260527_095838,600004441,CONVÊNIO FN-SUS/MICROCEFALIA/LACEN-PE - PORT. INTERM. Nº 405/2016,apenas_positivos,82,70,12,9,LR,Ridge(alpha=10.0),1520.6840483080437,1322.5553066719958,18.318073543351645,False,False,5.281670200439142e-106,"[1, 4, 7, 9]",pacf
20260527_095838,600004441,CONVÊNIO FN-SUS/MICROCEFALIA/LACEN-PE - PORT. INTERM. Nº 405/2016,apenas_positivos,82,70,12,9,SVR,"{'C': 1, 'epsilon': 0.01, 'kernel': 'linear'}",1514.8512493518913,1292.2938438525914,17.847895393123654,False,False,5.281670200439142e-106,"[1, 4, 7, 9]",pacf
20260527_095838,600004441,CONVÊNIO FN-SUS/MICROCEFALIA/LACEN-PE - PORT. INTERM. Nº 405/2016,apenas_positivos,82,70,12,9,MLP,"{'hidden_layer_sizes': (100, 50), 'alpha': 0.0001, 'learning_rate_init': 0.01}",1735.647646691973,1551.2259457847706,21.613361511276697,False,False,5.281670200439142e-106,"[1, 4, 7, 9]",pacf
20260527_095838,600004605,CONVÊNIO PFVPS - PORTARIA N 3.992/2017,apenas_positivos,82,70,12,0,N/A,N/A,,,,False,True,0.7741130536307482,[],nenhum
20260527_095838,600004606,CONVÊNIO BLOCO DE ATENÇÃO BÁSICA - ATENÇÃO BÁSICA,positivos_e_negativos,80,68,12,0,N/A,N/A,,,,False,True,0.06884523595029353,[7],nenhum
20260527_095838,600004623,CONVÊNIO PROGRAMA RENAST -,apenas_positivos,64,52,12,0,N/A,N/A,,,,False,True,0.46229823927466707,[3],nenhum
20260527_095838,600004624,CONVÊNIO MAC - SOS EMERGÊNCIA HOSP. DA RESTAURAÇÃO - PORTARIA Nº 3.016/2011,apenas_positivos,80,68,12,0,N/A,N/A,,,,False,True,0.9999999998614973,[],nenhum
20260527_095838,600004625,CONVÊNIO ATENÇÃO BÁSICA - SISPEN - PORTARIA 2.571/2014,positivos_e_negativos,77,65,12,0,N/A,N/A,,,,False,True,0.07072338898497016,[1],nenhum
20260527_095838,600004626,CONVÊNIO FNS  A I D S ( VIGILÂNCIA EM SAÚDE ) - PORTARIA Nº 3.276/2013,apenas_positivos,74,62,12,6,ARIMA,"(1,1,3)",570357.4050969095,266329.4286090947,36.60510730736603,True,False,5.5508423022697825e-08,"[1, 6]",pacf
20260527_095838,600004626,CONVÊNIO FNS  A I D S ( VIGILÂNCIA EM SAÚDE ) - PORTARIA Nº 3.276/2013,apenas_positivos,74,62,12,6,LR,Ridge(alpha=10.0),580366.8728056012,281007.95983357966,38.728109092672554,False,False,5.5508423022697825e-08,"[1, 6]",pacf
20260527_095838,600004626,CONVÊNIO FNS  A I D S ( VIGILÂNCIA EM SAÚDE ) - PORTARIA Nº 3.276/2013,apenas_positivos,74,62,12,6,SVR,"{'C': 10, 'epsilon': 0.1, 'kernel': 'rbf'}",602019.656430598,305240.9359118125,42.73565942769213,False,False,5.5508423022697825e-08,"[1, 6]",pacf
20260527_095838,600004626,CONVÊNIO FNS  A I D S ( VIGILÂNCIA EM SAÚDE ) - PORTARIA Nº 3.276/2013,apenas_positivos,74,62,12,6,MLP,"{'hidden_layer_sizes': (100, 50), 'alpha': 0.01, 'learning_rate_init': 0.001}",573096.7284042762,273155.74492412346,37.41745653932061,False,False,5.5508423022697825e-08,"[1, 6]",pacf
20260527_095838,600004627,CONVÊNIO PROGRAMA FINLACEN -,apenas_positivos,80,68,12,0,N/A,N/A,,,,False,True,0.9348331631342933,[],nenhum
20260527_095838,600004628,CONVÊNIO 00.530.493/0001-71 - PORTARIA Nº 1.792/2012,apenas_positivos,25,20,5,0,N/A,N/A,,,,False,True,0.9885540656647345,[],nenhum
20260527_095838,600004629,CONVÊNIO SES/PE PNA-CNCDO (CENTRAL DE TRANSPLANTE) - PORTARIA MS Nº 207/14,apenas_positivos,73,61,12,1,ARIMA,"(1,0,0)",19009.87622139375,16534.52893661022,26.904701662469826,False,False,8.96252709819918e-07,[1],pacf
20260527_095838,600004629,CONVÊNIO SES/PE PNA-CNCDO (CENTRAL DE TRANSPLANTE) - PORTARIA MS Nº 207/14,apenas_positivos,73,61,12,1,LR,Ridge(alpha=0.01),18755.348267127,15692.686988316387,25.001730235832518,True,False,8.96252709819918e-07,[1],pacf
20260527_095838,600004629,CONVÊNIO SES/PE PNA-CNCDO (CENTRAL DE TRANSPLANTE) - PORTARIA MS Nº 207/14,apenas_positivos,73,61,12,1,SVR,"{'C': 10, 'epsilon': 0.01, 'kernel': 'rbf'}",20311.511551889762,8498.214639700347,8.704804459471982,False,False,8.96252709819918e-07,[1],pacf
20260527_095838,600004629,CONVÊNIO SES/PE PNA-CNCDO (CENTRAL DE TRANSPLANTE) - PORTARIA MS Nº 207/14,apenas_positivos,73,61,12,1,MLP,"{'hidden_layer_sizes': (100, 50), 'alpha': 0.0001, 'learning_rate_init': 0.001}",19153.612480661344,16114.408874473098,25.807437684784762,False,False,8.96252709819918e-07,[1],pacf
20260527_095838,600005047,CONVÊNIO CUSTEIO DA MÉDIA E ALTA COMPLEXIDADE (MAC -,positivos_e_negativos,15,12,3,0,N/A,N/A,,,,False,True,0.9999419203943659,[],nenhum
20260527_095838,600005129,CONVÊNIO CUSTEIO DA MÉDIA E ALTA COMPLEXIDADE (MAC - PORTARIA 749 DE 06/04/2022,apenas_positivos,31,25,6,0,N/A,N/A,,,,False,True,0.858449136676793,[],nenhum
20260527_095838,600005130,CONVÊNIO CUSTEIO DA MÉDIA E ALTA COMPLEXIDADE (MAC - PORTARIA 749 DE 06/04/2022,apenas_positivos,29,24,5,1,ARIMA,"(0,1,2)",153.41421164938612,93.10534983464873,8.897948473388146,True,False,2.2223811003530093e-12,[1],pacf
20260527_095838,600005130,CONVÊNIO CUSTEIO DA MÉDIA E ALTA COMPLEXIDADE (MAC - PORTARIA 749 DE 06/04/2022,apenas_positivos,29,24,5,1,LR,Ridge(alpha=0.01),191.53624158185542,121.94465090544213,13.824182735859509,False,False,2.2223811003530093e-12,[1],pacf
20260527_095838,600005130,CONVÊNIO CUSTEIO DA MÉDIA E ALTA COMPLEXIDADE (MAC - PORTARIA 749 DE 06/04/2022,apenas_positivos,29,24,5,1,SVR,"{'C': 10, 'epsilon': 0.01, 'kernel': 'linear'}",212.83910297417526,145.33218365426478,19.449321994569445,False,False,2.2223811003530093e-12,[1],pacf
20260527_095838,600005130,CONVÊNIO CUSTEIO DA MÉDIA E ALTA COMPLEXIDADE (MAC - PORTARIA 749 DE 06/04/2022,apenas_positivos,29,24,5,1,MLP,"{'hidden_layer_sizes': (50,), 'alpha': 0.01, 'learning_rate_init': 0.001}",233.2050158232405,171.96737179444372,26.697504413803617,False,False,2.2223811003530093e-12,[1],pacf
20260527_095838,600005160,CONVÊNIO CUSTEIO DA MÉDIA E ALTA COMPLEXIDADE (MAC - PORTARIA 748 DE 06/04/2022,apenas_positivos,30,24,6,1,ARIMA,"(0,1,1)",5457.700607921866,3810.521029131732,20.583695194051742,True,False,0.031207945561215304,[1],pacf
20260527_095838,600005160,CONVÊNIO CUSTEIO DA MÉDIA E ALTA COMPLEXIDADE (MAC - PORTARIA 748 DE 06/04/2022,apenas_positivos,30,24,6,1,LR,Ridge(alpha=100.0),13676.86019031273,13065.417162044525,110.06428943880704,False,False,0.031207945561215304,[1],pacf
20260527_095838,600005160,CONVÊNIO CUSTEIO DA MÉDIA E ALTA COMPLEXIDADE (MAC - PORTARIA 748 DE 06/04/2022,apenas_positivos,30,24,6,1,SVR,"{'C': 100, 'epsilon': 0.1, 'kernel': 'rbf'}",8115.6934447646045,6911.889889192941,50.263452351240254,False,False,0.031207945561215304,[1],pacf
20260527_095838,600005160,CONVÊNIO CUSTEIO DA MÉDIA E ALTA COMPLEXIDADE (MAC - PORTARIA 748 DE 06/04/2022,apenas_positivos,30,24,6,1,MLP,"{'hidden_layer_sizes': (100, 50), 'alpha': 0.01, 'learning_rate_init': 0.001}",9769.602098890718,8526.32271377943,64.52775259573936,False,False,0.031207945561215304,[1],pacf
20260527_095838,600005174,CONVÊNIO CUSTEIO DA MÉDIA E ALTA COMPLEXIDADE (MAC - PORTARIA 748 DE 06/04/2022,positivos_e_negativos,13,10,3,0,N/A,N/A,,,,False,True,0.06411776443314027,[1],nenhum
20260527_095838,600005239,CONVÊNIO CUSTEIO DA MÉDIA E ALTA COMPLEXIDADE (MAC - PORTARIA Nº 3.812 DE 08/12/202,apenas_positivos,15,12,3,0,N/A,N/A,,,,False,True,0.9999474015601254,[],nenhum
20260527_095838,600005245,CONVÊNIO CUSTEIO DA MÉDIA E ALTA COMPLEXIDADE (MAC - PORTARIA Nº 632 DE 19 DE MAIO,apenas_positivos,13,10,3,0,N/A,N/A,,,,False,True,0.9997367526346878,[],nenhum
20260527_095838,600005259,CONVÊNIO CUSTEIO DA MÉDIA E ALTA COMPLEXIDADE (MAC - PORTARIA Nº 632 DE 19 DE MAIO,positivos_e_negativos,24,20,4,0,N/A,N/A,,,,False,True,0.9999926137059693,[],nenhum
20260527_095838,600005314,CONVÊNIO CUSTEIO DA MÉDIA E ALTA COMPLEXIDADE (MAC - PORTARIA Nº 811 DE 03/07/2023,apenas_positivos,19,16,3,0,N/A,N/A,,,,False,True,0.9999420598826124,[],nenhum
20260527_095838,600005322,CONVÊNIO CUSTEIO DA MÉDIA E ALTA COMPLEXIDADE (MAC - PORTARIA Nº 811 DE 03/07/2023,apenas_positivos,15,12,3,0,N/A,N/A,,,,False,True,0.9998535198269273,[],nenhum
20260527_095838,600005371,CONVÊNIO LABORATÓRIOS REGIONAIS DE PRÓTESES DENTÁR - PORTARIA Nº 1.825/12,apenas_positivos,19,16,3,0,N/A,N/A,,,,False,True,0.9999939631833652,[],nenhum
20260527_095838,600005372,CONVÊNIO INCENTIVO - CEO - PORTARIA DE CONSOL. Nº 6/2017,apenas_positivos,21,17,4,0,N/A,N/A,,,,False,True,0.9927363856364392,[],nenhum
20260527_095838,600005422,"CONVÊNIO CUSTEIO DA MÉDIA E ALTA COMPLEXIDADE (MAC - PORTARIA Nº 3.626, DE 29 DE AB",apenas_positivos,10,7,3,0,N/A,N/A,,,,False,True,0.978700989040001,[],nenhum
20260527_095838,600005423,"CONVÊNIO CUSTEIO DA MÉDIA E ALTA COMPLEXIDADE (MAC - PORTARIA Nº 3.626, DE 29 DE AB",apenas_positivos,13,10,3,0,N/A,N/A,,,,False,True,0.9995850441454274,[],nenhum
20260527_095838,600005588,CONVÊNIO MAC - IMIP - PORTARIA Nº 3.666/2024,apenas_positivos,10,7,3,0,N/A,N/A,,,,False,True,0.979878481670201,[],nenhum
20260527_095838,600005603,CONVÊNIO MAC - HUOC - PORTARIA Nº 3.673/2024,positivos_e_negativos,11,8,3,0,N/A,N/A,,,,False,True,0.9995271232331975,[],nenhum
20260527_095838,600530001,FUNDO DE AÇÕES ESTRATÉGICAS E COMPENSAÇÃO (FAEC),apenas_positivos,57,46,11,10,ARIMA,"(2,2,3)",19453260.777166706,13926676.20945565,262.7829931456814,True,False,0.0008085812059305879,[10],pacf
20260527_095838,600530001,FUNDO DE AÇÕES ESTRATÉGICAS E COMPENSAÇÃO (FAEC),apenas_positivos,57,46,11,10,LR,Ridge(alpha=10.0),28834887.785991948,23540634.83163547,238.2794708846581,False,False,0.0008085812059305879,[10],pacf
20260527_095838,600530001,FUNDO DE AÇÕES ESTRATÉGICAS E COMPENSAÇÃO (FAEC),apenas_positivos,57,46,11,10,SVR,"{'C': 1, 'epsilon': 1, 'kernel': 'linear'}",40381681.85344686,30544351.99218017,266.2756928053667,False,False,0.0008085812059305879,[10],pacf
20260527_095838,600530001,FUNDO DE AÇÕES ESTRATÉGICAS E COMPENSAÇÃO (FAEC),apenas_positivos,57,46,11,10,MLP,"{'hidden_layer_sizes': (50, 50), 'alpha': 0.01, 'learning_rate_init': 0.001}",23131505.508600395,18873564.446120515,234.16764530734434,False,False,0.0008085812059305879,[10],pacf
20260527_095838,601000000,TRANSFERÊNCIAS FUNDO A FUNDO DE RECURSOS DO SUS PROVENIENTES DO GOVERNO FEDERAL - BLOCO DE ESTRUTURAÇÃO DA REDE DE SERVIÇOS PÚBLICOS DE SAÚDE,positivos_e_negativos,45,36,9,7,ARIMA,"(3,0,2)",865648.5568331804,756303.2900220313,87832.25653591698,False,False,8.1236965631392e-05,"[1, 2, 7]",pacf
20260527_095838,601000000,TRANSFERÊNCIAS FUNDO A FUNDO DE RECURSOS DO SUS PROVENIENTES DO GOVERNO FEDERAL - BLOCO DE ESTRUTURAÇÃO DA REDE DE SERVIÇOS PÚBLICOS DE SAÚDE,positivos_e_negativos,45,36,9,7,LR,Ridge(alpha=100.0),604002.0782315074,511239.5738865632,364796.9365729998,True,False,8.1236965631392e-05,"[1, 2, 7]",pacf
20260527_095838,601000000,TRANSFERÊNCIAS FUNDO A FUNDO DE RECURSOS DO SUS PROVENIENTES DO GOVERNO FEDERAL - BLOCO DE ESTRUTURAÇÃO DA REDE DE SERVIÇOS PÚBLICOS DE SAÚDE,positivos_e_negativos,45,36,9,7,SVR,"{'C': 1, 'epsilon': 1, 'kernel': 'rbf'}",628401.6898900801,554161.7007043832,295843.4022318224,False,False,8.1236965631392e-05,"[1, 2, 7]",pacf
20260527_095838,601000000,TRANSFERÊNCIAS FUNDO A FUNDO DE RECURSOS DO SUS PROVENIENTES DO GOVERNO FEDERAL - BLOCO DE ESTRUTURAÇÃO DA REDE DE SERVIÇOS PÚBLICOS DE SAÚDE,positivos_e_negativos,45,36,9,7,MLP,"{'hidden_layer_sizes': (50,), 'alpha': 0.01, 'learning_rate_init': 0.001}",1249267.2693373312,1152994.9066376756,610498.6646567489,False,False,8.1236965631392e-05,"[1, 2, 7]",pacf
20260527_095838,601003902,CONVÊNIO INVESTIMENTO - SOS EMERGÊNCIA - HOSP. DA  - PORTARIA Nº 2.875/2011,apenas_positivos,31,25,6,0,N/A,N/A,,,,False,True,0.8982879652232216,[],nenhum
20260527_095838,601003950,CONVÊNIO COMPRA DE EQUIP. PARA O HOSPITAL FERNANDE - PORTARIA Nº 3.293/2011,apenas_positivos,60,48,12,1,ARIMA,"(0,1,1)",0.4660781810979981,0.3060031023917831,25.330220904702323,False,False,5.517874849933565e-16,[1],pacf
20260527_095838,601003950,CONVÊNIO COMPRA DE EQUIP. PARA O HOSPITAL FERNANDE - PORTARIA Nº 3.293/2011,apenas_positivos,60,48,12,1,LR,Ridge(alpha=1.0),0.7686196460373206,0.6239519118671076,60.641993553792084,False,False,5.517874849933565e-16,[1],pacf
20260527_095838,601003950,CONVÊNIO COMPRA DE EQUIP. PARA O HOSPITAL FERNANDE - PORTARIA Nº 3.293/2011,apenas_positivos,60,48,12,1,SVR,"{'C': 0.1, 'epsilon': 0.01, 'kernel': 'linear'}",0.333950917126166,0.3175066466722318,35.24342271611512,True,False,5.517874849933565e-16,[1],pacf
20260527_095838,601003950,CONVÊNIO COMPRA DE EQUIP. PARA O HOSPITAL FERNANDE - PORTARIA Nº 3.293/2011,apenas_positivos,60,48,12,1,MLP,"{'hidden_layer_sizes': (100,), 'alpha': 0.001, 'learning_rate_init': 0.001}",0.42712344678560915,0.2513095784231138,19.01971423506058,False,False,5.517874849933565e-16,[1],pacf
20260527_095838,601003980,CONVÊNIO CONSTRUÇÃO DO LACEN - PORTARIA Nº 2.754/2012,apenas_positivos,70,58,12,6,ARIMA,"(0,1,1)",48059.94119864749,42892.25105990222,24.67617041442532,False,False,4.433107663188672e-61,"[1, 2, 6]",pacf
20260527_095838,601003980,CONVÊNIO CONSTRUÇÃO DO LACEN - PORTARIA Nº 2.754/2012,apenas_positivos,70,58,12,6,LR,Ridge(alpha=10.0),50644.43047783509,45161.47771494917,25.95363779854144,False,False,4.433107663188672e-61,"[1, 2, 6]",pacf
20260527_095838,601003980,CONVÊNIO CONSTRUÇÃO DO LACEN - PORTARIA Nº 2.754/2012,apenas_positivos,70,58,12,6,SVR,"{'C': 0.1, 'epsilon': 0.1, 'kernel': 'linear'}",57483.4673113933,50768.485613424484,28.933774919616802,False,False,4.433107663188672e-61,"[1, 2, 6]",pacf
20260527_095838,601003980,CONVÊNIO CONSTRUÇÃO DO LACEN - PORTARIA Nº 2.754/2012,apenas_positivos,70,58,12,6,MLP,"{'hidden_layer_sizes': (100,), 'alpha': 0.0001, 'learning_rate_init': 0.001}",42638.58462537595,38129.95275146653,22.01363878464633,True,False,4.433107663188672e-61,"[1, 2, 6]",pacf
20260527_095838,601004021,CONVÊNIO BLOCO DE INVESTIMENTO - HOSPAM - PORTARIA Nº 2.497/2012,apenas_positivos,62,50,12,1,ARIMA,"(3,0,2)",92.16862192603259,62.32468018014797,22.538993354235824,False,False,4.0544329128285904e-11,[1],pacf
20260527_095838,601004021,CONVÊNIO BLOCO DE INVESTIMENTO - HOSPAM - PORTARIA Nº 2.497/2012,apenas_positivos,62,50,12,1,LR,Ridge(alpha=10.0),69.14021877697812,36.296746548339854,11.718708240979726,False,False,4.0544329128285904e-11,[1],pacf
20260527_095838,601004021,CONVÊNIO BLOCO DE INVESTIMENTO - HOSPAM - PORTARIA Nº 2.497/2012,apenas_positivos,62,50,12,1,SVR,"{'C': 0.1, 'epsilon': 0.01, 'kernel': 'linear'}",112.35903572262953,92.29308027502788,35.267844106633476,False,False,4.0544329128285904e-11,[1],pacf
20260527_095838,601004021,CONVÊNIO BLOCO DE INVESTIMENTO - HOSPAM - PORTARIA Nº 2.497/2012,apenas_positivos,62,50,12,1,MLP,"{'hidden_layer_sizes': (100,), 'alpha': 0.01, 'learning_rate_init': 0.001}",60.44281066626812,36.804326218447926,13.414779154208304,True,False,4.0544329128285904e-11,[1],pacf
20260527_095838,601004022,CONVÊNIO BLOCO DE INVESTIMENTO - AFOGADOS DA INGAZ - PORTARIA Nº 2.497/2012,apenas_positivos,64,52,12,1,ARIMA,"(2,0,3)",96.37922925098877,75.39612636320102,34.109620222052676,False,False,1.6111845042662537e-08,[1],pacf
20260527_095838,601004022,CONVÊNIO BLOCO DE INVESTIMENTO - AFOGADOS DA INGAZ - PORTARIA Nº 2.497/2012,apenas_positivos,64,52,12,1,LR,Ridge(alpha=0.01),60.50703675769301,32.517386563070126,12.583816189685502,False,False,1.6111845042662537e-08,[1],pacf
20260527_095838,601004022,CONVÊNIO BLOCO DE INVESTIMENTO - AFOGADOS DA INGAZ - PORTARIA Nº 2.497/2012,apenas_positivos,64,52,12,1,SVR,"{'C': 100, 'epsilon': 0.1, 'kernel': 'rbf'}",51.51818725941673,25.99425968074367,10.575916018385044,True,False,1.6111845042662537e-08,[1],pacf
20260527_095838,601004022,CONVÊNIO BLOCO DE INVESTIMENTO - AFOGADOS DA INGAZ - PORTARIA Nº 2.497/2012,apenas_positivos,64,52,12,1,MLP,"{'hidden_layer_sizes': (50,), 'alpha': 0.01, 'learning_rate_init': 0.001}",58.51434697587293,31.112597339913094,12.053798312440673,False,False,1.6111845042662537e-08,[1],pacf
20260527_095838,601004193,CONVÊNIO AQUISIÇÃO DE EQUIPAMENTOS - PAULISTA/PE -,apenas_positivos,65,53,12,2,ARIMA,"(0,1,1)",3560.4433079258233,3461.907953856218,237.00791314760679,False,False,5.815168258737742e-31,"[1, 2]",pacf
20260527_095838,601004193,CONVÊNIO AQUISIÇÃO DE EQUIPAMENTOS - PAULISTA/PE -,apenas_positivos,65,53,12,2,LR,Ridge(alpha=100.0),2844.197467897108,2729.1400751075507,181.01906193020295,False,False,5.815168258737742e-31,"[1, 2]",pacf
20260527_095838,601004193,CONVÊNIO AQUISIÇÃO DE EQUIPAMENTOS - PAULISTA/PE -,apenas_positivos,65,53,12,2,SVR,"{'C': 1, 'epsilon': 0.01, 'kernel': 'linear'}",2308.3334367401853,2209.059139046428,131.44977810464573,True,False,5.815168258737742e-31,"[1, 2]",pacf
20260527_095838,601004193,CONVÊNIO AQUISIÇÃO DE EQUIPAMENTOS - PAULISTA/PE -,apenas_positivos,65,53,12,2,MLP,"{'hidden_layer_sizes': (50,), 'alpha': 0.0001, 'learning_rate_init': 0.01}",3995.860092620873,3913.394724749191,267.0363809796282,False,False,5.815168258737742e-31,"[1, 2]",pacf
20260527_095838,601004309,CONVÊNIO HBC - EQUIPAMENTO AMBIÊNCIA DOS SERVIÇOS  - PORTARIA Nº 2.151/2014,apenas_positivos,69,57,12,2,ARIMA,"(3,1,2)",147.26788419504777,129.559846167464,29.435354964769132,True,False,1.0597762829928023e-20,"[1, 2]",pacf
20260527_095838,601004309,CONVÊNIO HBC - EQUIPAMENTO AMBIÊNCIA DOS SERVIÇOS  - PORTARIA Nº 2.151/2014,apenas_positivos,69,57,12,2,LR,Ridge(alpha=10.0),155.86100994221107,134.77882505843093,30.387147283883685,False,False,1.0597762829928023e-20,"[1, 2]",pacf
20260527_095838,601004309,CONVÊNIO HBC - EQUIPAMENTO AMBIÊNCIA DOS SERVIÇOS  - PORTARIA Nº 2.151/2014,apenas_positivos,69,57,12,2,SVR,"{'C': 1, 'epsilon': 0.01, 'kernel': 'linear'}",189.38236707317114,162.980209528429,36.67969509484093,False,False,1.0597762829928023e-20,"[1, 2]",pacf
20260527_095838,601004309,CONVÊNIO HBC - EQUIPAMENTO AMBIÊNCIA DOS SERVIÇOS  - PORTARIA Nº 2.151/2014,apenas_positivos,69,57,12,2,MLP,"{'hidden_layer_sizes': (50,), 'alpha': 0.0001, 'learning_rate_init': 0.001}",192.50795303166038,171.6137448161735,39.20427034149769,False,False,1.0597762829928023e-20,"[1, 2]",pacf
20260527_095838,601004369,CONVÊNIO PFVPS - PORTARIA Nº 2.628/2014,positivos_e_negativos,34,28,6,0,N/A,N/A,,,,False,True,0.27515004354719125,[],nenhum
20260527_095838,601004529,CONVÊNIO EQUIPAMENTOS - HAM/RECIFE - PORTARIA Nº 2.254/2016,apenas_positivos,52,42,10,0,N/A,N/A,,,,False,True,0.28515176640946827,[1],nenhum
20260527_095838,601004587,CONVÊNIO EQUIPAMENTOS - HBL - PORTARIA Nº 3.445/2016,apenas_positivos,77,65,12,0,N/A,N/A,,,,False,True,0.9999978224559377,[],nenhum
20260527_095838,601005232,CONVÊNIO AQUISIÇÃO EQUIPAMENTO - REDE CEGONHA - LE - PORTARIA 4.030 DE 30/12/2021,apenas_positivos,21,17,4,0,N/A,N/A,,,,False,True,0.999998335099129,[],nenhum
20260527_095838,601005551,CONVÊNIO EQUIPAMENTOS - HOSPITAL DA RESTAURAÇÃO - PORTARIA GM/MS Nº 4.204/2024,apenas_positivos,10,7,3,0,N/A,N/A,,,,False,True,0.9801439819686937,[],nenhum
20260527_095838,601005556,CONVÊNIO EQUIPAMENTOS - HOSPITAL JABOATÃO PRAZERES - PORTARIA Nº 4.204/2024,positivos_e_negativos,11,8,3,0,N/A,N/A,,,,False,True,0.9993553056207667,[],nenhum
20260527_095838,602000000,TRANSFERÊNCIAS FUNDO A FUNDO DE RECURSOS DO SUS PROVENIENTES DO GOVERNO FEDERAL - BLOCO DE MANUTENÇÃO DAS AÇÕES E SERVIÇOS PÚBLICOS DE SAÚDE – RECURSOS DESTINADOS AO ENFRENTAMENTO DA COVID-19 NO BOJO DA AÇÃO 21C0.,positivos_e_negativos,56,45,11,6,ARIMA,"(3,1,0)",1890764.5039826226,810740.1128604707,1183.6874393532567,True,False,0.000529698111598687,"[2, 4, 6]",pacf
20260527_095838,602000000,TRANSFERÊNCIAS FUNDO A FUNDO DE RECURSOS DO SUS PROVENIENTES DO GOVERNO FEDERAL - BLOCO DE MANUTENÇÃO DAS AÇÕES E SERVIÇOS PÚBLICOS DE SAÚDE – RECURSOS DESTINADOS AO ENFRENTAMENTO DA COVID-19 NO BOJO DA AÇÃO 21C0.,positivos_e_negativos,56,45,11,6,LR,Ridge(alpha=0.01),9203125.976504711,8857954.509394078,39610.770420659246,False,False,0.000529698111598687,"[2, 4, 6]",pacf
20260527_095838,602000000,TRANSFERÊNCIAS FUNDO A FUNDO DE RECURSOS DO SUS PROVENIENTES DO GOVERNO FEDERAL - BLOCO DE MANUTENÇÃO DAS AÇÕES E SERVIÇOS PÚBLICOS DE SAÚDE – RECURSOS DESTINADOS AO ENFRENTAMENTO DA COVID-19 NO BOJO DA AÇÃO 21C0.,positivos_e_negativos,56,45,11,6,SVR,"{'C': 100, 'epsilon': 0.1, 'kernel': 'rbf'}",3296655.743471293,2655641.3712821226,9478.376455182191,False,False,0.000529698111598687,"[2, 4, 6]",pacf
20260527_095838,602000000,TRANSFERÊNCIAS FUNDO A FUNDO DE RECURSOS DO SUS PROVENIENTES DO GOVERNO FEDERAL - BLOCO DE MANUTENÇÃO DAS AÇÕES E SERVIÇOS PÚBLICOS DE SAÚDE – RECURSOS DESTINADOS AO ENFRENTAMENTO DA COVID-19 NO BOJO DA AÇÃO 21C0.,positivos_e_negativos,56,45,11,6,MLP,"{'hidden_layer_sizes': (50,), 'alpha': 0.01, 'learning_rate_init': 0.01}",5831579.6761163855,5555175.663093814,26042.55330780564,False,False,0.000529698111598687,"[2, 4, 6]",pacf
20260527_095838,605000000,ASSISTÊNCIA FINANCEIRA DA UNIÃO DESTINADA À COMPLEMENTAÇÃO AO PAGAMENTO DOS PISOS SALARIAIS PARA PROFISSIONAIS DA ENFERMAGEM,apenas_positivos,27,22,5,0,N/A,N/A,,,,False,True,0.5108911365238632,[],nenhum
20260527_095838,631002150,CONVÊNIO FORTALECIMENTO DO LACEN - 3686/04,apenas_positivos,58,47,11,10,ARIMA,"(1,0,0)",11.582192674677929,7.30603803887314,13.631189493606943,False,False,6.914405239881435e-05,"[1, 10]",pacf
20260527_095838,631002150,CONVÊNIO FORTALECIMENTO DO LACEN - 3686/04,apenas_positivos,58,47,11,10,LR,Ridge(alpha=100.0),9.20930719541935,5.394516549724105,10.163351839871284,True,False,6.914405239881435e-05,"[1, 10]",pacf
20260527_095838,631002150,CONVÊNIO FORTALECIMENTO DO LACEN - 3686/04,apenas_positivos,58,47,11,10,SVR,"{'C': 0.1, 'epsilon': 1, 'kernel': 'linear'}",23.554257925598257,22.868147037156298,52.882900823633726,False,False,6.914405239881435e-05,"[1, 10]",pacf
20260527_095838,631002150,CONVÊNIO FORTALECIMENTO DO LACEN - 3686/04,apenas_positivos,58,47,11,10,MLP,"{'hidden_layer_sizes': (50, 50), 'alpha': 0.01, 'learning_rate_init': 0.001}",10.70489598695891,9.41370455881169,19.674346041272063,False,False,6.914405239881435e-05,"[1, 10]",pacf
20260527_095838,631003985,CONVÊNIO AMPLIAÇÃO CASA DE GESTANTE BEBÊ E PUÉRPER - 774766/12,positivos_e_negativos,69,57,12,0,N/A,N/A,,,,False,True,0.48251092134599793,[2],nenhum
20260527_095838,631003992,CONVÊNIO REFORMA DA ESTRUTURA FÍSICA DO SETOR DE H - 778768/12,apenas_positivos,66,54,12,2,ARIMA,"(1,0,1)",65.19521628832625,58.5208722445939,19.390012688799033,False,False,1.4567573529837794e-08,"[1, 2]",pacf
20260527_095838,631003992,CONVÊNIO REFORMA DA ESTRUTURA FÍSICA DO SETOR DE H - 778768/12,apenas_positivos,66,54,12,2,LR,Ridge(alpha=0.01),70.99552848066804,65.54496985250437,21.84730549842412,False,False,1.4567573529837794e-08,"[1, 2]",pacf
20260527_095838,631003992,CONVÊNIO REFORMA DA ESTRUTURA FÍSICA DO SETOR DE H - 778768/12,apenas_positivos,66,54,12,2,SVR,"{'C': 0.1, 'epsilon': 0.01, 'kernel': 'linear'}",143.74300209856432,136.6679014444811,45.90135084359164,False,False,1.4567573529837794e-08,"[1, 2]",pacf
20260527_095838,631003992,CONVÊNIO REFORMA DA ESTRUTURA FÍSICA DO SETOR DE H - 778768/12,apenas_positivos,66,54,12,2,MLP,"{'hidden_layer_sizes': (50,), 'alpha': 0.01, 'learning_rate_init': 0.001}",21.354290788343654,16.086680635240953,5.871104237242649,True,False,1.4567573529837794e-08,"[1, 2]",pacf
20260527_095838,631003993,CONVÊNIO REFORMA DAS SALAS DE CIRURGIA DE ALTA FRE - 780883/12,apenas_positivos,68,56,12,10,ARIMA,"(0,1,1)",0.33406325607361437,0.19964434543322565,15.774139639137971,False,False,6.178889018037754e-13,"[1, 2, 10]",pacf
20260527_095838,631003993,CONVÊNIO REFORMA DAS SALAS DE CIRURGIA DE ALTA FRE - 780883/12,apenas_positivos,68,56,12,10,LR,Ridge(alpha=100.0),0.3939993721828833,0.2763500827912696,23.135903072334308,False,False,6.178889018037754e-13,"[1, 2, 10]",pacf
20260527_095838,631003993,CONVÊNIO REFORMA DAS SALAS DE CIRURGIA DE ALTA FRE - 780883/12,apenas_positivos,68,56,12,10,SVR,"{'C': 1, 'epsilon': 1, 'kernel': 'rbf'}",0.30802209807152003,0.24882773173137931,23.135976175408437,True,False,6.178889018037754e-13,"[1, 2, 10]",pacf
20260527_095838,631003993,CONVÊNIO REFORMA DAS SALAS DE CIRURGIA DE ALTA FRE - 780883/12,apenas_positivos,68,56,12,10,MLP,"{'hidden_layer_sizes': (50, 50), 'alpha': 0.0001, 'learning_rate_init': 0.001}",0.3351181680324573,0.19856874612412825,15.835680951661638,False,False,6.178889018037754e-13,"[1, 2, 10]",pacf
20260527_095838,631003994,CONVÊNIO REFORMA DA EMERGÊNCIA CARDIOLÓGICA DO HOS - 780949/12,apenas_positivos,65,53,12,4,ARIMA,"(2,0,1)",159.58381161537872,152.2491051638109,91.44418779169601,False,False,0.002182822211948382,"[1, 4]",pacf
20260527_095838,631003994,CONVÊNIO REFORMA DA EMERGÊNCIA CARDIOLÓGICA DO HOS - 780949/12,apenas_positivos,65,53,12,4,LR,Ridge(alpha=1.0),112.32582352036248,77.48759016381833,32.455498214892245,False,False,0.002182822211948382,"[1, 4]",pacf
20260527_095838,631003994,CONVÊNIO REFORMA DA EMERGÊNCIA CARDIOLÓGICA DO HOS - 780949/12,apenas_positivos,65,53,12,4,SVR,"{'C': 10, 'epsilon': 1, 'kernel': 'rbf'}",84.4923185030797,64.76919134488317,29.903120408152073,True,False,0.002182822211948382,"[1, 4]",pacf
20260527_095838,631003994,CONVÊNIO REFORMA DA EMERGÊNCIA CARDIOLÓGICA DO HOS - 780949/12,apenas_positivos,65,53,12,4,MLP,"{'hidden_layer_sizes': (50, 50), 'alpha': 0.01, 'learning_rate_init': 0.01}",98.18842859528777,56.64463638972675,21.049950295791355,False,False,0.002182822211948382,"[1, 4]",pacf
20260527_095838,631003995,CONVÊNIO CONSTRUÇÃO DO AMBULATÓRIO DO HOSPITAL AGA - 779747/12,apenas_positivos,69,57,12,0,N/A,N/A,,,,False,True,0.6969780638237812,[7],nenhum
20260527_095838,631004005,CONVÊNIO HGA - CONSTRUÇÃO CENTRO DE REFERÊNCIA EM  - 758070,apenas_positivos,66,54,12,2,ARIMA,"(2,1,0)",829.7150183952671,622.7209665761379,18.811294434947424,True,False,0.016596809297207908,"[1, 2]",pacf
20260527_095838,631004005,CONVÊNIO HGA - CONSTRUÇÃO CENTRO DE REFERÊNCIA EM  - 758070,apenas_positivos,66,54,12,2,LR,Ridge(alpha=10.0),1632.5574480322712,1605.2850200522453,52.35087522365141,False,False,0.016596809297207908,"[1, 2]",pacf
20260527_095838,631004005,CONVÊNIO HGA - CONSTRUÇÃO CENTRO DE REFERÊNCIA EM  - 758070,apenas_positivos,66,54,12,2,SVR,"{'C': 1, 'epsilon': 0.1, 'kernel': 'rbf'}",3464.4992170051987,3310.361369878958,107.0167536769979,False,False,0.016596809297207908,"[1, 2]",pacf
20260527_095838,631004005,CONVÊNIO HGA - CONSTRUÇÃO CENTRO DE REFERÊNCIA EM  - 758070,apenas_positivos,66,54,12,2,MLP,"{'hidden_layer_sizes': (50,), 'alpha': 0.0001, 'learning_rate_init': 0.001}",1121.0001437277767,1106.9727478944822,35.29736905193258,False,False,0.016596809297207908,"[1, 2]",pacf
20260527_095838,631004008,CONVÊNIO CONSTRUÇÃO E IMPLANTAÇÃO DO HOSPITAL DA M - 766242,apenas_positivos,70,58,12,0,N/A,N/A,,,,False,True,0.9999967233775783,[],nenhum
20260527_095838,631004542,CONVÊNIO 836305/2016-AQUISIÇÃO DE EQUIP E MAT PERM - 836305/2016,apenas_positivos,46,37,9,1,ARIMA,"(1,0,0)",6094.063819723808,3788.927381962202,50.2091776454231,True,False,0.002941127157349146,[1],pacf
20260527_095838,631004542,CONVÊNIO 836305/2016-AQUISIÇÃO DE EQUIP E MAT PERM - 836305/2016,apenas_positivos,46,37,9,1,LR,Ridge(alpha=0.01),6097.401321006613,3793.112556971222,50.28434940624982,False,False,0.002941127157349146,[1],pacf
20260527_095838,631004542,CONVÊNIO 836305/2016-AQUISIÇÃO DE EQUIP E MAT PERM - 836305/2016,apenas_positivos,46,37,9,1,SVR,"{'C': 0.1, 'epsilon': 0.01, 'kernel': 'linear'}",6595.105423840428,4477.046757527189,66.84716483989176,False,False,0.002941127157349146,[1],pacf
20260527_095838,631004542,CONVÊNIO 836305/2016-AQUISIÇÃO DE EQUIP E MAT PERM - 836305/2016,apenas_positivos,46,37,9,1,MLP,"{'hidden_layer_sizes': (50, 50), 'alpha': 0.001, 'learning_rate_init': 0.001}",6111.5055952645625,3810.3139323098417,50.671203990143376,False,False,0.002941127157349146,[1],pacf
20260527_095838,631004669,CONVÊNIO AQUISIÇÃO DE EQUIPAMENTO E MATERIAL PERMA -,apenas_positivos,71,59,12,0,N/A,N/A,,,,False,True,0.9999999880158713,[],nenhum
20260527_095838,631004822,CONVÊNIO AQUISIÇÃO DE EQUIPAMENTO E MATERIAL PERMA - 052576/2019,apenas_positivos,52,42,10,0,N/A,N/A,,,,False,True,0.9999999999995303,[],nenhum
20260527_095838,631004830,CONVÊNIO 886372/2019 - CONVÊNIO MS/HEMOPE - 886372,apenas_positivos,15,12,3,0,N/A,N/A,,,,False,True,0.9509512566977836,[],nenhum
20260527_095838,631005233,CONVÊNIO AQUISIÇÃO DE EQUIPAMENTO E MAT. PERMANENT -,apenas_positivos,11,8,3,0,N/A,N/A,,,,False,True,0.9955269367239417,[],nenhum
20260527_095838,636005295,CONVÊNIO CISAM/PREFEITURA DO RECIFE - CEO TIPO III -,apenas_positivos,23,19,4,0,N/A,N/A,,,,False,True,0.8546331798104025,[],nenhum
20260527_095838,660002527,CONVÊNIO BLOCO DE FINANCIAMENTO  DA PROTEÇÃO SOCIA - BLOCO DE FINANCIAMENTO - PSEMC,apenas_positivos,81,69,12,0,N/A,N/A,,,,False,True,0.34890401099732893,[6],nenhum
20260527_095838,660003439,CONVÊNIO GEPE/FEAS/IGD-SUAS - BLOCO DE FINANCIAMEN -,apenas_positivos,80,68,12,0,N/A,N/A,,,,False,True,0.5424304945648308,[8],nenhum
20260527_095838,660003577,"CONVÊNIO CONVÊNIO GEPE/FEAS/IGD-PBF - PROGRAMA BOL - PORTARIA Nº 256, DE 19/03/2010",positivos_e_negativos,79,67,12,0,N/A,N/A,,,,False,True,0.993582481926747,[],nenhum
20260527_095838,660003786,CONVÊNIO BLOCO DE FINANCIAMENTO PSB/FNAS (FERNANDO -,apenas_positivos,82,70,12,0,N/A,N/A,,,,False,True,0.728948386266278,[],nenhum
20260527_095838,660003929,CONVÊNIO CAPACITA SUAS 2012 - BLOCO DE FINANCIAMEN -,apenas_positivos,79,67,12,2,ARIMA,"(0,1,1)",42171.00071472592,13595.756486690267,2637.729442308246,False,False,3.1417724965245476e-21,"[1, 2]",pacf
20260527_095838,660003929,CONVÊNIO CAPACITA SUAS 2012 - BLOCO DE FINANCIAMEN -,apenas_positivos,79,67,12,2,LR,Ridge(alpha=100.0),41875.915019936576,14521.10301278324,3803.1638167677856,True,False,3.1417724965245476e-21,"[1, 2]",pacf
20260527_095838,660003929,CONVÊNIO CAPACITA SUAS 2012 - BLOCO DE FINANCIAMEN -,apenas_positivos,79,67,12,2,SVR,"{'C': 0.1, 'epsilon': 0.1, 'kernel': 'linear'}",42265.09511888359,13301.53122650453,2263.052869394009,False,False,3.1417724965245476e-21,"[1, 2]",pacf
20260527_095838,660003929,CONVÊNIO CAPACITA SUAS 2012 - BLOCO DE FINANCIAMEN -,apenas_positivos,79,67,12,2,MLP,"{'hidden_layer_sizes': (100, 50), 'alpha': 0.001, 'learning_rate_init': 0.001}",42014.35775058014,14218.138522964233,3176.055473000813,False,False,3.1417724965245476e-21,"[1, 2]",pacf
20260527_095838,660004127,CONVÊNIO CONTRATO Nº 0328822-77/2010/MDS/CAIXA/SED - CONTRATO Nº 0328822-77/2010,positivos_e_negativos,79,67,12,6,ARIMA,"(2,1,3)",4166.88707401758,2235.3777490730286,17.08138629256982,False,False,6.45013557473227e-15,"[1, 3, 6]",pacf
20260527_095838,660004127,CONVÊNIO CONTRATO Nº 0328822-77/2010/MDS/CAIXA/SED - CONTRATO Nº 0328822-77/2010,positivos_e_negativos,79,67,12,6,LR,Ridge(alpha=100.0),4430.911333065114,2713.3449996402283,25.27035534266072,False,False,6.45013557473227e-15,"[1, 3, 6]",pacf
20260527_095838,660004127,CONVÊNIO CONTRATO Nº 0328822-77/2010/MDS/CAIXA/SED - CONTRATO Nº 0328822-77/2010,positivos_e_negativos,79,67,12,6,SVR,"{'C': 100, 'epsilon': 0.1, 'kernel': 'rbf'}",4120.488568406384,2391.0696892192504,26.287328590007697,True,False,6.45013557473227e-15,"[1, 3, 6]",pacf
20260527_095838,660004127,CONVÊNIO CONTRATO Nº 0328822-77/2010/MDS/CAIXA/SED - CONTRATO Nº 0328822-77/2010,positivos_e_negativos,79,67,12,6,MLP,"{'hidden_layer_sizes': (100,), 'alpha': 0.01, 'learning_rate_init': 0.001}",4277.275826291927,2425.914751614098,20.33647599069492,False,False,6.45013557473227e-15,"[1, 3, 6]",pacf
20260527_095838,660004249,CONVÊNIO PROGRAMA DE ERRADICAÇÃO DO TRABALHO INFAN -,positivos_e_negativos,81,69,12,7,ARIMA,"(1,0,1)",52.20752589033504,48.80984512267199,1316.7957704017062,False,False,2.0645513504705787e-05,"[1, 7]",pacf
20260527_095838,660004249,CONVÊNIO PROGRAMA DE ERRADICAÇÃO DO TRABALHO INFAN -,positivos_e_negativos,81,69,12,7,LR,Ridge(alpha=100.0),19.075993446255676,11.670093540331747,293.5481027083599,False,False,2.0645513504705787e-05,"[1, 7]",pacf
20260527_095838,660004249,CONVÊNIO PROGRAMA DE ERRADICAÇÃO DO TRABALHO INFAN -,positivos_e_negativos,81,69,12,7,SVR,"{'C': 0.1, 'epsilon': 0.01, 'kernel': 'rbf'}",3.5566270142549095,3.3705812071844345,89.811300365667,True,False,2.0645513504705787e-05,"[1, 7]",pacf
20260527_095838,660004249,CONVÊNIO PROGRAMA DE ERRADICAÇÃO DO TRABALHO INFAN -,positivos_e_negativos,81,69,12,7,MLP,"{'hidden_layer_sizes': (50, 50), 'alpha': 0.01, 'learning_rate_init': 0.01}",35.40132299021686,29.65548830435308,823.1193883947283,False,False,2.0645513504705787e-05,"[1, 7]",pacf
20260527_095838,660004519,CONVÊNIO PROGRAMA PRIMEIRA INFÂNCIA DO SUAS - PROG -,apenas_positivos,81,69,12,0,N/A,N/A,,,,False,True,0.9999972753407932,[],nenhum
20260527_095838,660004647,CONVÊNIO SIGTV-PCF4 -SISTEMA DE GESTÃO DE TRANSFER -,positivos_e_negativos,81,69,12,8,ARIMA,"(2,1,3)",24.289913750366917,21.205489453307802,26.396227717773186,False,False,1.996163201849699e-57,"[1, 3, 8]",pacf
20260527_095838,660004647,CONVÊNIO SIGTV-PCF4 -SISTEMA DE GESTÃO DE TRANSFER -,positivos_e_negativos,81,69,12,8,LR,Ridge(alpha=100.0),30.381233807828835,26.608452708738312,33.14789438952936,False,False,1.996163201849699e-57,"[1, 3, 8]",pacf
20260527_095838,660004647,CONVÊNIO SIGTV-PCF4 -SISTEMA DE GESTÃO DE TRANSFER -,positivos_e_negativos,81,69,12,8,SVR,"{'C': 100, 'epsilon': 0.01, 'kernel': 'linear'}",15.411954301498804,12.726623208098445,15.741116527512197,True,False,1.996163201849699e-57,"[1, 3, 8]",pacf
20260527_095838,660004647,CONVÊNIO SIGTV-PCF4 -SISTEMA DE GESTÃO DE TRANSFER -,positivos_e_negativos,81,69,12,8,MLP,"{'hidden_layer_sizes': (50, 50), 'alpha': 0.001, 'learning_rate_init': 0.01}",30.520585892652555,26.422142611616295,32.75291805718902,False,False,1.996163201849699e-57,"[1, 3, 8]",pacf
20260527_095838,660004678,CONVÊNIO ESTRUTURAÇÃO DA REDE DE SERVIÇOS DE PROTE -,apenas_positivos,73,61,12,5,ARIMA,"(1,2,3)",2027.0207561871766,712.4473933160899,15.734519562336391,True,False,1.7935465959942607e-53,"[1, 2, 5]",pacf
20260527_095838,660004678,CONVÊNIO ESTRUTURAÇÃO DA REDE DE SERVIÇOS DE PROTE -,apenas_positivos,73,61,12,5,LR,Ridge(alpha=100.0),2064.251304444761,745.632703628662,18.791598250697085,False,False,1.7935465959942607e-53,"[1, 2, 5]",pacf
20260527_095838,660004678,CONVÊNIO ESTRUTURAÇÃO DA REDE DE SERVIÇOS DE PROTE -,apenas_positivos,73,61,12,5,SVR,"{'C': 1, 'epsilon': 0.1, 'kernel': 'linear'}",2051.921851455566,725.4214648628554,16.43733715094178,False,False,1.7935465959942607e-53,"[1, 2, 5]",pacf
20260527_095838,660004678,CONVÊNIO ESTRUTURAÇÃO DA REDE DE SERVIÇOS DE PROTE -,apenas_positivos,73,61,12,5,MLP,"{'hidden_layer_sizes': (100, 50), 'alpha': 0.0001, 'learning_rate_init': 0.001}",2151.006908781769,916.261849502819,39.16798289114612,False,False,1.7935465959942607e-53,"[1, 2, 5]",pacf
20260527_095838,660004711,CONVÊNIO PROGRAMA DE PROMOÇÃO DO ACESSO AO MUNDO D -,apenas_positivos,81,69,12,0,N/A,N/A,,,,False,True,0.2970213665131571,[],nenhum
20260527_095838,660005202,CONVÊNIO ACOLHIMENTO EMERGENCIAL PARA AJUDA HUMANI -,apenas_positivos,32,26,6,0,N/A,N/A,,,,False,True,0.9991397022284786,[],nenhum
20260527_095838,660005291,CONVÊNIO PROGRAMA DE FORTALECIMENTO EMERGENCIAL DO -,positivos_e_negativos,25,20,5,0,N/A,N/A,,,,False,True,0.9999974535947961,[],nenhum
20260527_095838,660005358,CONVÊNIO EQUIPAGEM DAS CASAS DE ACOLHIMENTO -,apenas_positivos,21,17,4,0,N/A,N/A,,,,False,True,0.9852445240059591,[],nenhum
20260527_095838,660005444,CONVÊNIO SIGTV -EMENDA PARLAMENTAR - AQUISIÇÃO DE  -,apenas_positivos,18,15,3,0,N/A,N/A,,,,False,True,0.999990133597904,[],nenhum
20260527_095838,665004515,CONVÊNIO CONVÊNIO DE COOPERAÇÃO TÉCNICA E FINANCEI -,apenas_positivos,75,63,12,4,ARIMA,"(0,1,3)",414.55624241313905,208.03106725818085,32.176915859362424,False,False,2.985047169199351e-60,"[1, 3, 4]",pacf
20260527_095838,665004515,CONVÊNIO CONVÊNIO DE COOPERAÇÃO TÉCNICA E FINANCEI -,apenas_positivos,75,63,12,4,LR,Ridge(alpha=10.0),417.130179131765,212.7331037985841,33.77725938767476,False,False,2.985047169199351e-60,"[1, 3, 4]",pacf
20260527_095838,665004515,CONVÊNIO CONVÊNIO DE COOPERAÇÃO TÉCNICA E FINANCEI -,apenas_positivos,75,63,12,4,SVR,"{'C': 0.1, 'epsilon': 0.01, 'kernel': 'linear'}",416.3434439185699,211.40584828666496,33.30682378441564,False,False,2.985047169199351e-60,"[1, 3, 4]",pacf
20260527_095838,665004515,CONVÊNIO CONVÊNIO DE COOPERAÇÃO TÉCNICA E FINANCEI -,apenas_positivos,75,63,12,4,MLP,"{'hidden_layer_sizes': (50, 50), 'alpha': 0.001, 'learning_rate_init': 0.01}",403.17344517416615,192.2300085557586,27.232411881841784,True,False,2.985047169199351e-60,"[1, 3, 4]",pacf
20260527_095838,669430101,OUTROS RECURSOS VINCULADOS À ASSISTÊNCIA SOCIAL - FEDIPE,apenas_positivos,20,16,4,0,N/A,N/A,,,,False,True,0.7956968146707599,[],nenhum
20260527_095838,700001519,CONVÊNIO DANCING DAYS - C.R.218.771-36/2007,apenas_positivos,81,69,12,2,ARIMA,"(1,0,1)",7508.825434276201,7394.491962676887,2161.1382447386077,True,False,0.016646289154455235,[2],pacf
20260527_095838,700001519,CONVÊNIO DANCING DAYS - C.R.218.771-36/2007,apenas_positivos,81,69,12,2,LR,Ridge(alpha=0.01),13486.406819345648,13374.555323949782,3857.505263773541,False,False,0.016646289154455235,[2],pacf
20260527_095838,700001519,CONVÊNIO DANCING DAYS - C.R.218.771-36/2007,apenas_positivos,81,69,12,2,SVR,"{'C': 10, 'epsilon': 0.01, 'kernel': 'rbf'}",22479.10189573399,17504.038638133996,2446.272813217388,False,False,0.016646289154455235,[2],pacf
20260527_095838,700001519,CONVÊNIO DANCING DAYS - C.R.218.771-36/2007,apenas_positivos,81,69,12,2,MLP,"{'hidden_layer_sizes': (100, 50), 'alpha': 0.01, 'learning_rate_init': 0.001}",15076.2621830277,14760.65601111937,3725.9769756225282,False,False,0.016646289154455235,[2],pacf
20260527_095838,700001870,CONVÊNIO PINTANDO A LIBERDADE III - MET 048/2002,apenas_positivos,76,64,12,3,ARIMA,"(0,1,3)",5.998953051118822,5.062868406339896,22.301203403370504,True,False,2.386012700558968e-85,"[1, 2, 3]",pacf
20260527_095838,700001870,CONVÊNIO PINTANDO A LIBERDADE III - MET 048/2002,apenas_positivos,76,64,12,3,LR,Ridge(alpha=10.0),7.00221211557911,5.979784759203334,26.389439291269497,False,False,2.386012700558968e-85,"[1, 2, 3]",pacf
20260527_095838,700001870,CONVÊNIO PINTANDO A LIBERDADE III - MET 048/2002,apenas_positivos,76,64,12,3,SVR,"{'C': 100, 'epsilon': 0.1, 'kernel': 'linear'}",6.49677457811997,5.510774394986133,24.27894059437141,False,False,2.386012700558968e-85,"[1, 2, 3]",pacf
20260527_095838,700001870,CONVÊNIO PINTANDO A LIBERDADE III - MET 048/2002,apenas_positivos,76,64,12,3,MLP,"{'hidden_layer_sizes': (100,), 'alpha': 0.01, 'learning_rate_init': 0.01}",6.796526084719457,5.831008086679048,25.784224400568164,False,False,2.386012700558968e-85,"[1, 2, 3]",pacf
20260527_095838,700002114,CONVÊNIO FACEPE/FINEP/PAPPE - 3004025900,apenas_positivos,55,44,11,2,ARIMA,"(0,1,1)",730.8728680789575,629.9839099048651,49.060677123009846,False,False,7.021746278264139e-18,"[1, 2]",pacf
20260527_095838,700002114,CONVÊNIO FACEPE/FINEP/PAPPE - 3004025900,apenas_positivos,55,44,11,2,LR,Ridge(alpha=0.01),710.0722836717791,483.9475770152578,33.14884845230839,False,False,7.021746278264139e-18,"[1, 2]",pacf
20260527_095838,700002114,CONVÊNIO FACEPE/FINEP/PAPPE - 3004025900,apenas_positivos,55,44,11,2,SVR,"{'C': 100, 'epsilon': 0.01, 'kernel': 'linear'}",804.5622987156926,608.5983616388507,40.13474063927464,False,False,7.021746278264139e-18,"[1, 2]",pacf
20260527_095838,700002114,CONVÊNIO FACEPE/FINEP/PAPPE - 3004025900,apenas_positivos,55,44,11,2,MLP,"{'hidden_layer_sizes': (50, 50), 'alpha': 0.01, 'learning_rate_init': 0.01}",708.6869004162988,583.3621243686533,44.9935468386565,True,False,7.021746278264139e-18,"[1, 2]",pacf
20260527_095838,700002512,CONVÊNIO PASSARINHO OLINDA - C.R.0218.760-07/2007,positivos_e_negativos,82,70,12,0,N/A,N/A,,,,False,True,0.232727333889839,[1],nenhum
20260527_095838,700002513,CONVÊNIO CANAL JORDÃO - C.R.0222.639-96/2007,apenas_positivos,82,70,12,0,N/A,N/A,,,,False,True,0.9999846174101302,[],nenhum
20260527_095838,700002520,CONVÊNIO RECUPERAÇÃO AMBIENTAL CAMARAGIBE - CR.0222.634-44/2007,positivos_e_negativos,82,70,12,0,N/A,N/A,,,,False,True,0.9798284639529371,[],nenhum
20260527_095838,700003013,CONVÊNIO IPA / MDA MATAS SÃO FRANCISCO - MDA Nº 035/2007,apenas_positivos,80,68,12,3,ARIMA,"(0,1,2)",313.83206770785523,264.98092613198406,13.356767772377909,False,False,3.724029518332786e-45,"[1, 3]",pacf
20260527_095838,700003013,CONVÊNIO IPA / MDA MATAS SÃO FRANCISCO - MDA Nº 035/2007,apenas_positivos,80,68,12,3,LR,Ridge(alpha=10.0),466.7583659740704,413.7658680646726,21.096893029658396,False,False,3.724029518332786e-45,"[1, 3]",pacf
20260527_095838,700003013,CONVÊNIO IPA / MDA MATAS SÃO FRANCISCO - MDA Nº 035/2007,apenas_positivos,80,68,12,3,SVR,"{'C': 1, 'epsilon': 0.01, 'kernel': 'linear'}",379.43370355042833,324.74930023738494,16.422511627460835,False,False,3.724029518332786e-45,"[1, 3]",pacf
20260527_095838,700003013,CONVÊNIO IPA / MDA MATAS SÃO FRANCISCO - MDA Nº 035/2007,apenas_positivos,80,68,12,3,MLP,"{'hidden_layer_sizes': (100,), 'alpha': 0.001, 'learning_rate_init': 0.001}",274.21880014297955,223.2565756157321,11.168626684374985,True,False,3.724029518332786e-45,"[1, 3]",pacf
20260527_095838,700003024,CONVÊNIO FINEP - SUBVENÇÂO - 0107071700/2007-FINEP-SUBV.,apenas_positivos,55,44,11,2,ARIMA,"(0,1,1)",666.9105691132179,574.8328752235396,49.057434666921225,False,False,7.876479242388291e-18,"[1, 2]",pacf
20260527_095838,700003024,CONVÊNIO FINEP - SUBVENÇÂO - 0107071700/2007-FINEP-SUBV.,apenas_positivos,55,44,11,2,LR,Ridge(alpha=0.01),648.3457691793953,442.2740834045501,33.181115888284275,False,False,7.876479242388291e-18,"[1, 2]",pacf
20260527_095838,700003024,CONVÊNIO FINEP - SUBVENÇÂO - 0107071700/2007-FINEP-SUBV.,apenas_positivos,55,44,11,2,SVR,"{'C': 100, 'epsilon': 0.01, 'kernel': 'linear'}",734.1534000079957,555.331096660191,40.133446870627196,False,False,7.876479242388291e-18,"[1, 2]",pacf
20260527_095838,700003024,CONVÊNIO FINEP - SUBVENÇÂO - 0107071700/2007-FINEP-SUBV.,apenas_positivos,55,44,11,2,MLP,"{'hidden_layer_sizes': (50, 50), 'alpha': 0.01, 'learning_rate_init': 0.01}",645.5070490454169,529.3866324767382,44.71638962226211,True,False,7.876479242388291e-18,"[1, 2]",pacf
20260527_095838,700003040,CONVÊNIO PAC - CABO DE SANTO AGOSTINHO. - CTR 0222.637-78/2007-MC-CAIXA,apenas_positivos,74,62,12,0,N/A,N/A,,,,False,True,0.7961927330891926,[],nenhum
20260527_095838,700003041,CONVÊNIO PAC - PAULISTA. - CTR 0223.918-99/2007/MC-CAIXA,apenas_positivos,74,62,12,0,N/A,N/A,,,,False,True,0.9999945253619943,[],nenhum
20260527_095838,700003042,CONVÊNIO PAC - OLINDA - 0218.598-27/2007/MC-CAIXA,apenas_positivos,74,62,12,0,N/A,N/A,,,,False,True,0.9999966927569446,[],nenhum
20260527_095838,700003065,"CONVÊNIO VILA DO GARRANCHO, NO MUNICIPIO DE SALGUE - CR 0233.404-90/07 MIN. CIDADES",positivos_e_negativos,73,61,12,9,ARIMA,"(0,2,2)",209.62992966332163,127.72322835218093,102.2454180814344,False,False,4.872323290717662e-35,"[1, 2, 6, 7, 8, 9]",pacf
20260527_095838,700003065,"CONVÊNIO VILA DO GARRANCHO, NO MUNICIPIO DE SALGUE - CR 0233.404-90/07 MIN. CIDADES",positivos_e_negativos,73,61,12,9,LR,Ridge(alpha=1.0),196.37536313606333,86.12947445211671,41.094478548056436,False,False,4.872323290717662e-35,"[1, 2, 6, 7, 8, 9]",pacf
20260527_095838,700003065,"CONVÊNIO VILA DO GARRANCHO, NO MUNICIPIO DE SALGUE - CR 0233.404-90/07 MIN. CIDADES",positivos_e_negativos,73,61,12,9,SVR,"{'C': 1, 'epsilon': 0.1, 'kernel': 'linear'}",192.55887311639637,87.21936357536674,53.194944948270226,True,False,4.872323290717662e-35,"[1, 2, 6, 7, 8, 9]",pacf
20260527_095838,700003065,"CONVÊNIO VILA DO GARRANCHO, NO MUNICIPIO DE SALGUE - CR 0233.404-90/07 MIN. CIDADES",positivos_e_negativos,73,61,12,9,MLP,"{'hidden_layer_sizes': (100, 50), 'alpha': 0.001, 'learning_rate_init': 0.01}",205.8685662071107,83.49070582488567,53.31966605019568,False,False,4.872323290717662e-35,"[1, 2, 6, 7, 8, 9]",pacf
20260527_095838,700003068,CONVÊNIO COMUNIDADE MUTIRÃO - CTRN.0233.406-18/2007/MC/CAIXA,apenas_positivos,82,70,12,0,N/A,N/A,,,,False,True,0.8314138879168305,[],nenhum
20260527_095838,700003069,CONVÊNIO REASSENTAMENTO DE FAMILIAS EM SANTA CRUZ  - CTRN.0233.405-04/2007/MC/CAIXA,positivos_e_negativos,81,69,12,0,N/A,N/A,,,,False,True,0.06589283632609601,"[2, 3]",nenhum
20260527_095838,700003070,CONVÊNIO ASSENTAMENTO NA FAVELA CAIXA D'AGUA GOIAN - CTRN.0233.397-05/2007/MC/CAIXA,apenas_positivos,82,70,12,0,N/A,N/A,,,,False,True,0.9980751965202578,[],nenhum
20260527_095838,700003082,CONVÊNIO URBANIZAÇÃO NA BACIA DO BEBERIBE. - CTR 0222.635-50/07CAIXA,positivos_e_negativos,82,70,12,0,N/A,N/A,,,,False,True,0.9950899421083299,[],nenhum
20260527_095838,700003113,CONVÊNIO IPA/MCT/ITAPIREMA - 01.0116.00/2007,apenas_positivos,57,46,11,2,ARIMA,"(0,1,1)",8.943588368293913,7.797769563048475,27.251177244046488,False,False,5.20596092304925e-31,"[1, 2]",pacf
20260527_095838,700003113,CONVÊNIO IPA/MCT/ITAPIREMA - 01.0116.00/2007,apenas_positivos,57,46,11,2,LR,Ridge(alpha=10.0),10.829264137124463,9.483160804583186,33.02115647017415,False,False,5.20596092304925e-31,"[1, 2]",pacf
20260527_095838,700003113,CONVÊNIO IPA/MCT/ITAPIREMA - 01.0116.00/2007,apenas_positivos,57,46,11,2,SVR,"{'C': 1, 'epsilon': 0.1, 'kernel': 'linear'}",7.357865583321805,6.3793452758954885,22.418576056624058,False,False,5.20596092304925e-31,"[1, 2]",pacf
20260527_095838,700003113,CONVÊNIO IPA/MCT/ITAPIREMA - 01.0116.00/2007,apenas_positivos,57,46,11,2,MLP,"{'hidden_layer_sizes': (50,), 'alpha': 0.0001, 'learning_rate_init': 0.001}",6.663842980215462,5.720736217247595,20.153755069476567,True,False,5.20596092304925e-31,"[1, 2]",pacf
20260527_095838,700003243,CONVÊNIO CAPACITAÇÃO DO SERVIDOR PENITENCIÁRIO: CA - MJ Nº 060/2007,apenas_positivos,74,62,12,0,N/A,N/A,,,,False,True,0.635619890934582,[],nenhum
20260527_095838,700003266,CONVÊNIO INCLUSÃO DIGITAL DA POPULAÇÃO CARCERÁRIA  - MJ Nº 032/2007,apenas_positivos,74,62,12,3,ARIMA,"(2,1,0)",12.79085437838171,10.882733227336642,23.661080488570004,False,False,4.269413711432822e-46,"[1, 2, 3]",pacf
20260527_095838,700003266,CONVÊNIO INCLUSÃO DIGITAL DA POPULAÇÃO CARCERÁRIA  - MJ Nº 032/2007,apenas_positivos,74,62,12,3,LR,Ridge(alpha=10.0),15.068492518418058,12.934537163040494,28.1603183020033,False,False,4.269413711432822e-46,"[1, 2, 3]",pacf
20260527_095838,700003266,CONVÊNIO INCLUSÃO DIGITAL DA POPULAÇÃO CARCERÁRIA  - MJ Nº 032/2007,apenas_positivos,74,62,12,3,SVR,"{'C': 100, 'epsilon': 0.01, 'kernel': 'linear'}",16.12308807350986,13.875996554653396,30.252517703160265,False,False,4.269413711432822e-46,"[1, 2, 3]",pacf
20260527_095838,700003266,CONVÊNIO INCLUSÃO DIGITAL DA POPULAÇÃO CARCERÁRIA  - MJ Nº 032/2007,apenas_positivos,74,62,12,3,MLP,"{'hidden_layer_sizes': (100,), 'alpha': 0.0001, 'learning_rate_init': 0.01}",6.3070343573671686,4.894206852571691,10.64880295524913,True,False,4.269413711432822e-46,"[1, 2, 3]",pacf
20260527_095838,700003268,CONVÊNIO CAPACITAÇÃO PROFISSIONAL EM ELETRICIDADE  - MJ Nº 048/2007,apenas_positivos,74,62,12,3,ARIMA,"(2,1,0)",0.8776926541240879,0.7472811480948365,23.682667034273937,False,False,4.521957647154145e-46,"[1, 2, 3]",pacf
20260527_095838,700003268,CONVÊNIO CAPACITAÇÃO PROFISSIONAL EM ELETRICIDADE  - MJ Nº 048/2007,apenas_positivos,74,62,12,3,LR,Ridge(alpha=10.0),1.0339822439392228,0.888127743610489,28.181857860363884,False,False,4.521957647154145e-46,"[1, 2, 3]",pacf
20260527_095838,700003268,CONVÊNIO CAPACITAÇÃO PROFISSIONAL EM ELETRICIDADE  - MJ Nº 048/2007,apenas_positivos,74,62,12,3,SVR,"{'C': 1, 'epsilon': 0.01, 'kernel': 'linear'}",1.1091847852199184,0.9550235930872545,30.344366847048004,False,False,4.521957647154145e-46,"[1, 2, 3]",pacf
20260527_095838,700003268,CONVÊNIO CAPACITAÇÃO PROFISSIONAL EM ELETRICIDADE  - MJ Nº 048/2007,apenas_positivos,74,62,12,3,MLP,"{'hidden_layer_sizes': (100,), 'alpha': 0.0001, 'learning_rate_init': 0.01}",0.43336927869056585,0.33608373081341697,10.66714201274616,True,False,4.521957647154145e-46,"[1, 2, 3]",pacf
20260527_095838,700003270,CONVÊNIO CAPACITAÇÃO PROFISSIONAL EM CORTE E COSTU - MJ Nº 055/2007,apenas_positivos,76,64,12,10,ARIMA,"(2,1,0)",9.75575012037806,8.319215255727272,23.658379591474045,False,False,1.231123866848454e-75,"[1, 2, 3, 10]",pacf
20260527_095838,700003270,CONVÊNIO CAPACITAÇÃO PROFISSIONAL EM CORTE E COSTU - MJ Nº 055/2007,apenas_positivos,76,64,12,10,LR,Ridge(alpha=100.0),11.584995273847106,10.02605439369479,28.565720294059798,False,False,1.231123866848454e-75,"[1, 2, 3, 10]",pacf
20260527_095838,700003270,CONVÊNIO CAPACITAÇÃO PROFISSIONAL EM CORTE E COSTU - MJ Nº 055/2007,apenas_positivos,76,64,12,10,SVR,"{'C': 0.1, 'epsilon': 0.1, 'kernel': 'linear'}",11.988151128123915,10.245357960801545,29.047212685891584,False,False,1.231123866848454e-75,"[1, 2, 3, 10]",pacf
20260527_095838,700003270,CONVÊNIO CAPACITAÇÃO PROFISSIONAL EM CORTE E COSTU - MJ Nº 055/2007,apenas_positivos,76,64,12,10,MLP,"{'hidden_layer_sizes': (50,), 'alpha': 0.01, 'learning_rate_init': 0.01}",9.64097449610275,8.074253362603356,22.803001028881972,True,False,1.231123866848454e-75,"[1, 2, 3, 10]",pacf
20260527_095838,700003271,CONVÊNIO CAPACITAÇÃO EM METODOLOGIA PENITENCIÁRIA. - MJ Nº 061/2007,apenas_positivos,75,63,12,0,N/A,N/A,,,,False,True,0.6624497841419361,[],nenhum
20260527_095838,700003272,CONVÊNIO CURSO DE CAPACITAÇÃO EM IDENTIFICAÇÃO E A - MJ Nº 062/2007,apenas_positivos,73,61,12,0,N/A,N/A,,,,False,True,0.6382965930871738,[],nenhum
20260527_095838,700003279,CONVÊNIO PROGRAMA MAIS CULTURA DE PERNAMBUCO-PONTO - 00425/2007,apenas_positivos,77,65,12,0,N/A,N/A,,,,False,True,0.15417323689634554,[9],nenhum
20260527_095838,700003281,CONVÊNIO CNPQ/FACEPE-PRONEX 2008 - PROG.APOIO A NÚCL EXCELÊCIAS,apenas_positivos,55,44,11,2,ARIMA,"(0,1,1)",57.42568575794099,51.56115745981679,58.61949335673658,False,False,7.873934643973072e-18,"[1, 2]",pacf
20260527_095838,700003281,CONVÊNIO CNPQ/FACEPE-PRONEX 2008 - PROG.APOIO A NÚCL EXCELÊCIAS,apenas_positivos,55,44,11,2,LR,Ridge(alpha=0.01),55.91952277430521,39.73375394415263,37.09221107982264,False,False,7.873934643973072e-18,"[1, 2]",pacf
20260527_095838,700003281,CONVÊNIO CNPQ/FACEPE-PRONEX 2008 - PROG.APOIO A NÚCL EXCELÊCIAS,apenas_positivos,55,44,11,2,SVR,"{'C': 100, 'epsilon': 0.01, 'kernel': 'linear'}",62.14781340007273,44.45547495875823,37.836486995353795,False,False,7.873934643973072e-18,"[1, 2]",pacf
20260527_095838,700003281,CONVÊNIO CNPQ/FACEPE-PRONEX 2008 - PROG.APOIO A NÚCL EXCELÊCIAS,apenas_positivos,55,44,11,2,MLP,"{'hidden_layer_sizes': (50, 50), 'alpha': 0.01, 'learning_rate_init': 0.01}",55.833714210875605,48.85608732699362,54.59102906520318,True,False,7.873934643973072e-18,"[1, 2]",pacf
20260527_095838,700003285,CONVÊNIO PPP-2008 - PROGRAMA PRIMEIROS PROJETOS,positivos_e_negativos,55,44,11,0,N/A,N/A,,,,False,True,0.22675064692236863,"[1, 2]",nenhum
20260527_095838,700003295,CONVÊNIO BR 104/PE- TT-266/2007-00 -,apenas_positivos,21,17,4,0,N/A,N/A,,,,False,True,0.9986673810883824,[],nenhum
20260527_095838,700003348,CONVÊNIO TERMO DE COMPROMISSO Nº001/2008 - 001/2008,apenas_positivos,43,35,8,2,ARIMA,"(1,1,3)",664.4687599681062,387.4292344940557,43.14609437733338,True,False,0.021727705983274136,"[1, 2]",pacf
20260527_095838,700003348,CONVÊNIO TERMO DE COMPROMISSO Nº001/2008 - 001/2008,apenas_positivos,43,35,8,2,LR,Ridge(alpha=0.01),722.8737842012375,429.7561255710957,41.804298171348144,False,False,0.021727705983274136,"[1, 2]",pacf
20260527_095838,700003348,CONVÊNIO TERMO DE COMPROMISSO Nº001/2008 - 001/2008,apenas_positivos,43,35,8,2,SVR,"{'C': 1, 'epsilon': 0.01, 'kernel': 'linear'}",833.5233742636055,590.9953790362881,82.38476107874972,False,False,0.021727705983274136,"[1, 2]",pacf
20260527_095838,700003348,CONVÊNIO TERMO DE COMPROMISSO Nº001/2008 - 001/2008,apenas_positivos,43,35,8,2,MLP,"{'hidden_layer_sizes': (50,), 'alpha': 0.01, 'learning_rate_init': 0.01}",782.9176302479273,520.5081775760033,63.926772867225246,False,False,0.021727705983274136,"[1, 2]",pacf
20260527_095838,700003591,CONVÊNIO CT N° 0264.754-88-2008 QUADRA POLIESPORTI - CT N° 0264.754-88/2008,apenas_positivos,82,70,12,4,ARIMA,"(2,1,1)",648.2873486283704,553.377706701794,9.983823394734442,True,False,0.00016274125103603123,"[3, 4]",pacf
20260527_095838,700003591,CONVÊNIO CT N° 0264.754-88-2008 QUADRA POLIESPORTI - CT N° 0264.754-88/2008,apenas_positivos,82,70,12,4,LR,Ridge(alpha=100.0),1119.922992982876,1021.7729043261332,18.575219470017412,False,False,0.00016274125103603123,"[3, 4]",pacf
20260527_095838,700003591,CONVÊNIO CT N° 0264.754-88-2008 QUADRA POLIESPORTI - CT N° 0264.754-88/2008,apenas_positivos,82,70,12,4,SVR,"{'C': 0.1, 'epsilon': 0.01, 'kernel': 'rbf'}",661.9607398148177,553.5107252715226,9.885105217618724,False,False,0.00016274125103603123,"[3, 4]",pacf
20260527_095838,700003591,CONVÊNIO CT N° 0264.754-88-2008 QUADRA POLIESPORTI - CT N° 0264.754-88/2008,apenas_positivos,82,70,12,4,MLP,"{'hidden_layer_sizes': (50, 50), 'alpha': 0.0001, 'learning_rate_init': 0.001}",738.4278066351314,629.5061774616694,11.289923642864197,False,False,0.00016274125103603123,"[3, 4]",pacf
20260527_095838,700003614,CONVÊNIO CONTRATO DE TRANSFERENCIA DE RECURSOS DES - 03.10.0328.00,positivos_e_negativos,57,46,11,0,N/A,N/A,,,,False,True,0.6983358366769028,[],nenhum
20260527_095838,700003639,CONVÊNIO CONVENIO FACEPE/CNPQ - PPP 2010 - REGISTRO SICONV 739517/2010,apenas_positivos,53,43,10,2,ARIMA,"(0,1,1)",765.9619968040809,480.31121594996586,27.991477666965125,True,False,9.661543963446688e-17,"[1, 2]",pacf
20260527_095838,700003639,CONVÊNIO CONVENIO FACEPE/CNPQ - PPP 2010 - REGISTRO SICONV 739517/2010,apenas_positivos,53,43,10,2,LR,Ridge(alpha=1.0),913.9293873847856,589.984054465636,28.912724461026894,False,False,9.661543963446688e-17,"[1, 2]",pacf
20260527_095838,700003639,CONVÊNIO CONVENIO FACEPE/CNPQ - PPP 2010 - REGISTRO SICONV 739517/2010,apenas_positivos,53,43,10,2,SVR,"{'C': 10, 'epsilon': 0.01, 'kernel': 'linear'}",1043.385798464636,738.6873152411038,37.57933247614583,False,False,9.661543963446688e-17,"[1, 2]",pacf
20260527_095838,700003639,CONVÊNIO CONVENIO FACEPE/CNPQ - PPP 2010 - REGISTRO SICONV 739517/2010,apenas_positivos,53,43,10,2,MLP,"{'hidden_layer_sizes': (100,), 'alpha': 0.001, 'learning_rate_init': 0.01}",1234.4716221659858,955.4457453291877,49.36264143501565,False,False,9.661543963446688e-17,"[1, 2]",pacf
20260527_095838,700003640,CONVÊNIO CONVENIO FACEPE/CNPQ - PRONEM 2010 - 610031/2010,apenas_positivos,55,44,11,2,ARIMA,"(0,1,1)",1537.3348754960614,1409.3860282045077,191.62038040787363,False,False,2.1921649928896114e-17,"[1, 2]",pacf
20260527_095838,700003640,CONVÊNIO CONVENIO FACEPE/CNPQ - PRONEM 2010 - 610031/2010,apenas_positivos,55,44,11,2,LR,Ridge(alpha=0.01),1402.9541999144678,1077.5586586554361,167.71923382863065,False,False,2.1921649928896114e-17,"[1, 2]",pacf
20260527_095838,700003640,CONVÊNIO CONVENIO FACEPE/CNPQ - PRONEM 2010 - 610031/2010,apenas_positivos,55,44,11,2,SVR,"{'C': 100, 'epsilon': 0.01, 'kernel': 'linear'}",1360.712553822612,1053.0779753085767,137.5331473884694,True,False,2.1921649928896114e-17,"[1, 2]",pacf
20260527_095838,700003640,CONVÊNIO CONVENIO FACEPE/CNPQ - PRONEM 2010 - 610031/2010,apenas_positivos,55,44,11,2,MLP,"{'hidden_layer_sizes': (50, 50), 'alpha': 0.0001, 'learning_rate_init': 0.01}",1381.5914739723482,1063.7139038636644,162.5032092472158,False,False,2.1921649928896114e-17,"[1, 2]",pacf
20260527_095838,700003641,CONVÊNIO CONVENIO FACEPE/CNPQ - PRONEX 2010 - REGISTRO SICONV 737440/2010,apenas_positivos,55,44,11,2,ARIMA,"(0,1,1)",735.7863408122988,634.2175603426937,49.060662798829384,False,False,7.021405211301926e-18,"[1, 2]",pacf
20260527_095838,700003641,CONVÊNIO CONVENIO FACEPE/CNPQ - PRONEX 2010 - REGISTRO SICONV 737440/2010,apenas_positivos,55,44,11,2,LR,Ridge(alpha=0.01),714.8472203802218,487.2015226977882,33.1489878741618,False,False,7.021405211301926e-18,"[1, 2]",pacf
20260527_095838,700003641,CONVÊNIO CONVENIO FACEPE/CNPQ - PRONEX 2010 - REGISTRO SICONV 737440/2010,apenas_positivos,55,44,11,2,SVR,"{'C': 100, 'epsilon': 0.01, 'kernel': 'linear'}",810.0257873822251,612.7859358670079,40.14286781018234,False,False,7.021405211301926e-18,"[1, 2]",pacf
20260527_095838,700003641,CONVÊNIO CONVENIO FACEPE/CNPQ - PRONEX 2010 - REGISTRO SICONV 737440/2010,apenas_positivos,55,44,11,2,MLP,"{'hidden_layer_sizes': (50, 50), 'alpha': 0.01, 'learning_rate_init': 0.01}",713.454425089679,587.2885777413271,44.99408064416278,True,False,7.021405211301926e-18,"[1, 2]",pacf
20260527_095838,700003647,CONVÊNIO MULHERES DE TEJUCUPAPO - TC.0301.544-37/2009/MC/CAIXA,apenas_positivos,82,70,12,12,ARIMA,"(0,1,3)",5527.157151699891,4919.485010442787,20.423164367044457,True,False,0.0443346143312754,[12],pacf
20260527_095838,700003647,CONVÊNIO MULHERES DE TEJUCUPAPO - TC.0301.544-37/2009/MC/CAIXA,apenas_positivos,82,70,12,12,LR,Ridge(alpha=100.0),5782.908935990274,5072.358197738876,20.337035666072214,False,False,0.0443346143312754,[12],pacf
20260527_095838,700003647,CONVÊNIO MULHERES DE TEJUCUPAPO - TC.0301.544-37/2009/MC/CAIXA,apenas_positivos,82,70,12,12,SVR,"{'C': 1, 'epsilon': 0.1, 'kernel': 'rbf'}",12829.127837227861,11905.74697751749,46.63234778822633,False,False,0.0443346143312754,[12],pacf
20260527_095838,700003647,CONVÊNIO MULHERES DE TEJUCUPAPO - TC.0301.544-37/2009/MC/CAIXA,apenas_positivos,82,70,12,12,MLP,"{'hidden_layer_sizes': (100,), 'alpha': 0.0001, 'learning_rate_init': 0.001}",7022.78024779306,6476.56519081486,25.9187008408945,False,False,0.0443346143312754,[12],pacf
20260527_095838,700003648,CONVÊNIO ESCORREGOU TA DENTRO - TC.0301.545-42/2009/MC/CAIXA,apenas_positivos,82,70,12,0,N/A,N/A,,,,False,True,0.8414083341616081,[1],nenhum
20260527_095838,700003651,CONVÊNIO PROGRAMA CASA VERDE E AMARELA - PORTARIA Nº 077/2010,apenas_positivos,71,59,12,0,N/A,N/A,,,,False,True,0.9941466818337239,[],nenhum
20260527_095838,700003715,CONVÊNIO IPA / PETROBRAS - 6000.0063344.10.4,positivos_e_negativos,70,58,12,0,N/A,N/A,,,,False,True,0.22799229049164377,"[1, 2]",nenhum
20260527_095838,700003836,CONVÊNIO URBANIZAÇÃO NO MUNICÍPIO DE IPOJUCA/PE - TC Nº 0352893-38/2011/MC/CAIXA,apenas_positivos,56,45,11,0,N/A,N/A,,,,False,True,0.7508318786336962,[],nenhum
20260527_095838,700003867,CONVÊNIO IMPLANTAÇÃO CENTRO REFERÊNCIA EM DIREITOS - 760720/2011-SICONV/SDH/PR,positivos_e_negativos,27,22,5,1,ARIMA,"(3,2,0)",5.581245668634539,5.327482553578472,571.2766424876306,False,False,0.0024962726026984696,[1],pacf
20260527_095838,700003867,CONVÊNIO IMPLANTAÇÃO CENTRO REFERÊNCIA EM DIREITOS - 760720/2011-SICONV/SDH/PR,positivos_e_negativos,27,22,5,1,LR,Ridge(alpha=10.0),0.4718519977645656,0.46286198094662956,50.29657706840575,False,False,0.0024962726026984696,[1],pacf
20260527_095838,700003867,CONVÊNIO IMPLANTAÇÃO CENTRO REFERÊNCIA EM DIREITOS - 760720/2011-SICONV/SDH/PR,positivos_e_negativos,27,22,5,1,SVR,"{'C': 1, 'epsilon': 1, 'kernel': 'rbf'}",3.3473960587310794,3.338195342557549,356.77910176232587,False,False,0.0024962726026984696,[1],pacf
20260527_095838,700003867,CONVÊNIO IMPLANTAÇÃO CENTRO REFERÊNCIA EM DIREITOS - 760720/2011-SICONV/SDH/PR,positivos_e_negativos,27,22,5,1,MLP,"{'hidden_layer_sizes': (50, 50), 'alpha': 0.01, 'learning_rate_init': 0.001}",0.180274791831968,0.15871323446140356,17.628129505803265,True,False,0.0024962726026984696,[1],pacf
20260527_095838,700003935,CONVÊNIO REFORMA DO PONTO DE CULTURA SITIO DA TRIN -,apenas_positivos,79,67,12,1,ARIMA,"(1,1,3)",5.76841096735006,3.232598866419987,12.040913370185308,True,False,2.622213213737362e-103,[1],pacf
20260527_095838,700003935,CONVÊNIO REFORMA DO PONTO DE CULTURA SITIO DA TRIN -,apenas_positivos,79,67,12,1,LR,Ridge(alpha=1.0),7.508790649078966,5.366551116698983,21.67435661839551,False,False,2.622213213737362e-103,[1],pacf
20260527_095838,700003935,CONVÊNIO REFORMA DO PONTO DE CULTURA SITIO DA TRIN -,apenas_positivos,79,67,12,1,SVR,"{'C': 1, 'epsilon': 0.01, 'kernel': 'linear'}",6.9596326930976495,4.704800681067227,18.638536085948157,False,False,2.622213213737362e-103,[1],pacf
20260527_095838,700003935,CONVÊNIO REFORMA DO PONTO DE CULTURA SITIO DA TRIN -,apenas_positivos,79,67,12,1,MLP,"{'hidden_layer_sizes': (50,), 'alpha': 0.001, 'learning_rate_init': 0.001}",7.056380869012823,4.8371966199369405,19.264970134997114,False,False,2.622213213737362e-103,[1],pacf
20260527_095838,700003948,CONVÊNIO FIOCRUZ - 770315/2012,apenas_positivos,40,32,8,0,N/A,N/A,,,,False,True,0.9995122761785136,[],nenhum
20260527_095838,700004065,CONVÊNIO PROGRAMA CASA VERDE E AMARELA -,apenas_positivos,72,60,12,0,N/A,N/A,,,,False,True,0.9672726280901582,[],nenhum
20260527_095838,700004079,CONVÊNIO ACESSIBILIDADE PARA A COPA DE 2014 - 769545,apenas_positivos,81,69,12,0,N/A,N/A,,,,False,True,0.9999999991445858,[],nenhum
20260527_095838,700004130,CONVÊNIO PROGRAMA ÁGUA DOCE - SICONV 786883/2013 - CV MMA/SRHU 07801/2013,apenas_positivos,77,65,12,0,N/A,N/A,,,,False,True,0.17424998226975327,[4],nenhum
20260527_095838,700004133,CONVÊNIO TC Nº 0413.177-60/2013/MC/CAIXA - TC Nº 0413.177-60/2013/MC,positivos_e_negativos,73,61,12,0,N/A,N/A,,,,False,True,0.999999906357141,[],nenhum
20260527_095838,700004184,CONVÊNIO CONSTRUÇÃO DA CADEIA PÚBLICA FEMININA ARA - 778011/2012,apenas_positivos,72,60,12,0,N/A,N/A,,,,False,True,0.9999999706173611,[],nenhum
20260527_095838,700004185,CONVÊNIO CONSTRUÇÃO DA CADEIA PÚBLICA FEMININA DE  - 778012/2012,apenas_positivos,71,59,12,0,N/A,N/A,,,,False,True,0.9999999483403959,[],nenhum
20260527_095838,700004186,CONVÊNIO CONSTRUÇÃO CADEIA PÚBLICA MASCULINA ARAÇO - 778004/2012,apenas_positivos,71,59,12,0,N/A,N/A,,,,False,True,0.9999927881112147,[],nenhum
20260527_095838,700004187,CONVÊNIO CONSTRUÇÃO DA CADEIA PÚBLICA MASCULINA AR - 778006/2012,apenas_positivos,71,59,12,0,N/A,N/A,,,,False,True,0.9999923801871818,[],nenhum
20260527_095838,700004188,CONVÊNIO CONSTRUÇÃO DA CADEIA PÚBLICA MASCULINA DE - 778007/2012,apenas_positivos,71,59,12,0,N/A,N/A,,,,False,True,0.9999995430642404,[],nenhum
20260527_095838,700004189,CONVÊNIO CONSTRUÇÃO DA CADEIA PÚBLICA DE ARAÇOIABA - 778008/2012,positivos_e_negativos,73,61,12,2,ARIMA,"(2,0,0)",52311.664261916405,49104.94829230778,137.62761543350283,False,False,0.03420327780323163,"[1, 2]",pacf
20260527_095838,700004189,CONVÊNIO CONSTRUÇÃO DA CADEIA PÚBLICA DE ARAÇOIABA - 778008/2012,positivos_e_negativos,73,61,12,2,LR,Ridge(alpha=100.0),49764.33546661452,49339.727858419275,138.2385097645652,False,False,0.03420327780323163,"[1, 2]",pacf
20260527_095838,700004189,CONVÊNIO CONSTRUÇÃO DA CADEIA PÚBLICA DE ARAÇOIABA - 778008/2012,positivos_e_negativos,73,61,12,2,SVR,"{'C': 100, 'epsilon': 0.01, 'kernel': 'linear'}",9743.57325228434,9322.215416797915,25.24894805207079,True,False,0.03420327780323163,"[1, 2]",pacf
20260527_095838,700004189,CONVÊNIO CONSTRUÇÃO DA CADEIA PÚBLICA DE ARAÇOIABA - 778008/2012,positivos_e_negativos,73,61,12,2,MLP,"{'hidden_layer_sizes': (50, 50), 'alpha': 0.01, 'learning_rate_init': 0.001}",10555.590263371521,10137.604028210364,27.48959468358591,False,False,0.03420327780323163,"[1, 2]",pacf
20260527_095838,700004190,CONVÊNIO CONSTRUÇÃO DA CADEIA PÚBLICA MASCULINA DE - 778010/2012,apenas_positivos,71,59,12,0,N/A,N/A,,,,False,True,0.9999984360357009,[],nenhum
20260527_095838,700004244,CONVÊNIO PAC VILA DOS REMÉDIOS -,positivos_e_negativos,62,50,12,0,N/A,N/A,,,,False,True,0.522573389741735,[],nenhum
20260527_095838,700004245,CONVÊNIO FORTE DE SANTO ANTÔNIO -,positivos_e_negativos,62,50,12,5,ARIMA,"(2,1,3)",632.2301403173545,285.84931388134925,72.50889102341432,False,False,2.6447564923120794e-20,"[1, 2, 5]",pacf
20260527_095838,700004245,CONVÊNIO FORTE DE SANTO ANTÔNIO -,positivos_e_negativos,62,50,12,5,LR,Ridge(alpha=100.0),615.686353513339,261.82843086209033,60.64623196708416,False,False,2.6447564923120794e-20,"[1, 2, 5]",pacf
20260527_095838,700004245,CONVÊNIO FORTE DE SANTO ANTÔNIO -,positivos_e_negativos,62,50,12,5,SVR,"{'C': 0.1, 'epsilon': 0.1, 'kernel': 'linear'}",588.619164498666,229.02193927878716,41.57377854363837,True,False,2.6447564923120794e-20,"[1, 2, 5]",pacf
20260527_095838,700004245,CONVÊNIO FORTE DE SANTO ANTÔNIO -,positivos_e_negativos,62,50,12,5,MLP,"{'hidden_layer_sizes': (50,), 'alpha': 0.001, 'learning_rate_init': 0.01}",741.3511772667881,421.61289538358693,142.70334335266764,False,False,2.6447564923120794e-20,"[1, 2, 5]",pacf
20260527_095838,700004246,CONVÊNIO PAC 313 - FORTE DE SÃO PEDRO DO BOLDRÓ -,positivos_e_negativos,62,50,12,5,ARIMA,"(2,1,3)",520.6133690823726,259.8439426760015,101.00559838981249,False,False,2.558193627567913e-20,"[1, 2, 5]",pacf
20260527_095838,700004246,CONVÊNIO PAC 313 - FORTE DE SÃO PEDRO DO BOLDRÓ -,positivos_e_negativos,62,50,12,5,LR,Ridge(alpha=100.0),503.63557286825045,235.43543436323588,85.19120539764087,False,False,2.558193627567913e-20,"[1, 2, 5]",pacf
20260527_095838,700004246,CONVÊNIO PAC 313 - FORTE DE SÃO PEDRO DO BOLDRÓ -,positivos_e_negativos,62,50,12,5,SVR,"{'C': 0.1, 'epsilon': 0.1, 'kernel': 'linear'}",474.7177582134866,203.13181680990272,58.940418286576865,True,False,2.558193627567913e-20,"[1, 2, 5]",pacf
20260527_095838,700004246,CONVÊNIO PAC 313 - FORTE DE SÃO PEDRO DO BOLDRÓ -,positivos_e_negativos,62,50,12,5,MLP,"{'hidden_layer_sizes': (50,), 'alpha': 0.01, 'learning_rate_init': 0.01}",624.4604431091551,380.3066594758755,185.6205326324366,False,False,2.558193627567913e-20,"[1, 2, 5]",pacf
20260527_095838,700004258,CONVÊNIO SISTEMA DE TRANSPORTE RÁPIDO - TC Nº 0398.472-15/2012-PE,positivos_e_negativos,74,62,12,0,N/A,N/A,,,,False,True,0.07363988326253149,[10],nenhum
20260527_095838,700004260,CONVÊNIO PROGRAMA MOBILIDADE URBANA E TRANSITO. - TC Nº0398.475-48/2012-PE,apenas_positivos,77,65,12,0,N/A,N/A,,,,False,True,0.9998843128357977,[],nenhum
20260527_095838,700004288,CONVÊNIO INTERVENÇÃO DO ENTORNO DO TELEFÉRICO NO M -,apenas_positivos,80,68,12,2,ARIMA,"(1,1,2)",154.2487843443717,129.70799114088777,16.374586245790006,False,False,1.8482041205666054e-112,"[1, 2]",pacf
20260527_095838,700004288,CONVÊNIO INTERVENÇÃO DO ENTORNO DO TELEFÉRICO NO M -,apenas_positivos,80,68,12,2,LR,Ridge(alpha=1.0),177.43754847736457,150.77274489090573,19.083563813812976,False,False,1.8482041205666054e-112,"[1, 2]",pacf
20260527_095838,700004288,CONVÊNIO INTERVENÇÃO DO ENTORNO DO TELEFÉRICO NO M -,apenas_positivos,80,68,12,2,SVR,"{'C': 100, 'epsilon': 0.01, 'kernel': 'linear'}",144.59392808998638,122.01854199830434,15.42420551909702,True,False,1.8482041205666054e-112,"[1, 2]",pacf
20260527_095838,700004288,CONVÊNIO INTERVENÇÃO DO ENTORNO DO TELEFÉRICO NO M -,apenas_positivos,80,68,12,2,MLP,"{'hidden_layer_sizes': (50,), 'alpha': 0.01, 'learning_rate_init': 0.001}",170.96729495623228,144.547410165455,18.273568855710877,False,False,1.8482041205666054e-112,"[1, 2]",pacf
20260527_095838,700004323,CONVÊNIO ANA/PROGESTÃO - CONTRATO 064/2014.,apenas_positivos,82,70,12,0,N/A,N/A,,,,False,True,0.7885461184303002,[],nenhum
20260527_095838,700004372,CONVÊNIO SAT E SIC - 02544/2015,apenas_positivos,31,25,6,0,N/A,N/A,,,,False,True,0.05557309887602073,[2],nenhum
20260527_095838,700004378,CONVÊNIO PROJETO DE INTEGRAÇÃO DO SÃO FRANCISCO-PI - TC Nº 0073/2015-MI,apenas_positivos,75,63,12,0,N/A,N/A,,,,False,True,0.9999859334710208,[],nenhum
20260527_095838,700004381,CONVÊNIO IMPLANTAÇÃO DE CENTRAL DE MONITORAÇÃO ELE - 822736/2015/GAB/DEPEN,apenas_positivos,77,65,12,0,N/A,N/A,,,,False,True,0.9999854734969946,[],nenhum
20260527_095838,700004408,CONVÊNIO PAVIMENTAÇÃO DO ACESSO AO MIRANTE FREI DA -,apenas_positivos,78,66,12,2,ARIMA,"(0,1,1)",535.0018718815105,490.8514289739289,25.86070626304757,False,False,8.370376904122831e-95,"[1, 2]",pacf
20260527_095838,700004408,CONVÊNIO PAVIMENTAÇÃO DO ACESSO AO MIRANTE FREI DA -,apenas_positivos,78,66,12,2,LR,Ridge(alpha=1.0),547.1336362040613,500.56309986182197,26.34803038580282,False,False,8.370376904122831e-95,"[1, 2]",pacf
20260527_095838,700004408,CONVÊNIO PAVIMENTAÇÃO DO ACESSO AO MIRANTE FREI DA -,apenas_positivos,78,66,12,2,SVR,"{'C': 1, 'epsilon': 0.1, 'kernel': 'linear'}",498.7662235544073,456.2999486870729,24.017112754344975,True,False,8.370376904122831e-95,"[1, 2]",pacf
20260527_095838,700004408,CONVÊNIO PAVIMENTAÇÃO DO ACESSO AO MIRANTE FREI DA -,apenas_positivos,78,66,12,2,MLP,"{'hidden_layer_sizes': (50,), 'alpha': 0.01, 'learning_rate_init': 0.01}",561.2013671573391,517.4269756139337,27.306454877843976,False,False,8.370376904122831e-95,"[1, 2]",pacf
20260527_095838,700004438,CONVÊNIO BR 101/PE CONTORNO RECIFE - TC Nº 1.115/2012-00,positivos_e_negativos,21,17,4,0,N/A,N/A,,,,False,True,0.9967882092444749,[],nenhum
20260527_095838,700004588,CONVÊNIO ADESÃO AO GOV. DO ESTADO DE PE AO PROG. Q -,apenas_positivos,82,70,12,0,N/A,N/A,,,,False,True,0.6185158256290387,[],nenhum
20260527_095838,700004622,CONVÊNIO ANA/PROCOMITÊS - APAC - CONTRATO 064/2017,apenas_positivos,82,70,12,0,N/A,N/A,,,,False,True,0.06552007241892886,[10],nenhum
20260527_095838,700004636,CONVÊNIO CONJUNTO HABITACIONAL PEIXINHOS I -,apenas_positivos,58,47,11,0,N/A,N/A,,,,False,True,0.23954588862783727,[3],nenhum
20260527_095838,700004680,CONVÊNIO TC 01/2017 AEROPORTO REGIONAL DE SERRA TA - TC 01/2017,apenas_positivos,18,15,3,0,N/A,N/A,,,,False,True,0.16652454510866252,[],nenhum
20260527_095838,700004690,CONVÊNIO MODERNIZAÇÃO DE QUADRAS DE ESPORTES NO MU -,positivos_e_negativos,22,18,4,0,N/A,N/A,,,,False,True,0.999956430760912,[],nenhum
20260527_095838,700004732,CONVÊNIO FITEC 2 - 2018 -,apenas_positivos,14,11,3,0,N/A,N/A,,,,False,True,0.99915904325722,[],nenhum
20260527_095838,700004733,CONVÊNIO PROGRAMA CENTELHA - FINEP -,apenas_positivos,41,33,8,0,N/A,N/A,,,,False,True,0.27519660799643175,[4],nenhum
20260527_095838,700004791,CONVÊNIO MODERNIZAÇÃO DAS UNIDADES OPERATIVAS QUE  - 894203/2019,apenas_positivos,61,49,12,0,N/A,N/A,,,,False,True,0.9999995497200385,[],nenhum
20260527_095838,700004792,CONVÊNIO FORTALECER E MODERNIZAR AS UNIDADES OPERA - 892625/2019,apenas_positivos,59,48,11,0,N/A,N/A,,,,False,True,0.5484175289583069,[6],nenhum
20260527_095838,700004806,CONVÊNIO TRANSFERENCIA DE RECURSOS DA UNIAO -,apenas_positivos,22,18,4,0,N/A,N/A,,,,False,True,0.9999972914342502,[],nenhum
20260527_095838,700004831,CONVÊNIO REQUALIFICAÇÃO DO MISPE E EQUIPAMENTOS PA - 850581/2017,apenas_positivos,34,28,6,0,N/A,N/A,,,,False,True,0.9961397450433233,[],nenhum
20260527_095838,700004844,CONVÊNIO CONCLUSÃO DAS OBRAS DA BARRAGEM DE PANELA -,apenas_positivos,18,15,3,0,N/A,N/A,,,,False,True,0.5941533060201436,[],nenhum
20260527_095838,700004930,CONVÊNIO HUMANIZAÇÃO DAS PERÍCIAS EM CRIANÇAS E AD -,apenas_positivos,52,42,10,0,N/A,N/A,,,,False,True,0.9999999999965581,[],nenhum
20260527_095838,700004978,CONVÊNIO MDR X APAC - PROGRAMA REVITALIZAÇÃO DE BA - 906673/2020,apenas_positivos,55,44,11,0,N/A,N/A,,,,False,True,0.9999991598034084,[],nenhum
20260527_095838,700004982,CONVÊNIO FORTALECER A POLÍCIA MILITAR DE PERNAMBUC -,apenas_positivos,43,35,8,0,N/A,N/A,,,,False,True,0.4556933212291092,[1],nenhum
20260527_095838,700004983,CONVÊNIO REESTRUTURAR E MODERNIZAR A DELEGACIA ESP -,apenas_positivos,42,34,8,0,N/A,N/A,,,,False,True,0.9998823761796986,[],nenhum
20260527_095838,700004985,CONVÊNIO MODERNIZAR E APARELHAR O BATALHÃO DE POLÍ -,apenas_positivos,53,43,10,0,N/A,N/A,,,,False,True,0.9465953160002869,[],nenhum
20260527_095838,700004986,CONVÊNIO MODERNIZAR O CORPO DE BOMBEIROS MILITAR D -,apenas_positivos,54,44,10,0,N/A,N/A,,,,False,True,0.9969643518438995,[],nenhum
20260527_095838,700004987,CONVÊNIO REESTRUTURAR E MODERNIZAR A PERÍCIA TÉCNI -,positivos_e_negativos,52,42,10,0,N/A,N/A,,,,False,True,0.9999957282484584,[],nenhum
20260527_095838,700005000,CONVÊNIO MODERNIZAÇÃO E APERFEIÇOAMENTO DA INFRAES - CONV 904353/2020,apenas_positivos,20,16,4,0,N/A,N/A,,,,False,True,0.9839458272902867,[],nenhum
20260527_095838,700005034,CONVÊNIO CONSTRUÇÃO DE CENTRO DE EVENTOS NO MUNICÍ -,positivos_e_negativos,30,24,6,0,N/A,N/A,,,,False,True,0.9999579078320714,[],nenhum
20260527_095838,700005038,CONVÊNIO PROJETO - 3/2021,apenas_positivos,25,20,5,0,N/A,N/A,,,,False,True,0.09301580686031853,[1],nenhum
20260527_095838,700005077,CONVÊNIO PROGRAMA  ALIMENTA  BRASIL - 919462/2021 MC-SEISP,apenas_positivos,46,37,9,0,N/A,N/A,,,,False,True,0.9952232891682354,[],nenhum
20260527_095838,700005106,CONVÊNIO BANCO CENTRAL DO BRASIL -,positivos_e_negativos,36,29,7,0,N/A,N/A,,,,False,True,0.935282641563189,[12],nenhum
20260527_095838,700005120,CONVÊNIO MODERNIZAÇÃO TECNOLÓGICA E OPERACIONAL DA -,apenas_positivos,21,17,4,0,N/A,N/A,,,,False,True,0.9999974730714972,[],nenhum
20260527_095838,700005123,CONVÊNIO MODERNIZAÇÃO DE INFRAESTRUTURA TECNOLÓGIC -,apenas_positivos,18,15,3,0,N/A,N/A,,,,False,True,0.9899920441578384,[],nenhum
20260527_095838,700005213,CONVÊNIO REAPARELHAR UNIDADES OPERACIONAIS PMPE-AQ -,apenas_positivos,26,21,5,0,N/A,N/A,,,,False,True,0.05826754250058293,[],nenhum
20260527_095838,700005294,CONVÊNIO MODERNIZAÇÃO DAS INFRAESTRUTURAS TECNOLÓG - 4678/2022,apenas_positivos,19,16,3,0,N/A,N/A,,,,False,True,0.9294204527183249,[],nenhum
20260527_095838,700005299,CONVÊNIO SEGURANÇA NOS LOCAIS DE PROVAS DO ENEM 20 -,apenas_positivos,24,20,4,0,N/A,N/A,,,,False,True,0.8824582968811309,[],nenhum
20260527_095838,700005330,"CONVÊNIO FORTALECER A SDS-PE, POR MEIO DA AQUISIÇÃ -",apenas_positivos,24,20,4,0,N/A,N/A,,,,False,True,0.2875850326664976,[1],nenhum
20260527_095838,700005331,CONVÊNIO TC PAC CIDADES HISTÓRICAS Nº 302/ RESTAUR -,apenas_positivos,15,12,3,0,N/A,N/A,,,,False,True,0.5100709289931901,[],nenhum
20260527_095838,700005334,CONVÊNIO EQUIPAMENTOS DE INFORMÁTICA -,apenas_positivos,15,12,3,0,N/A,N/A,,,,False,True,0.9999262183395092,[],nenhum
20260527_095838,700005347,CONVÊNIO REDE DE DETECÇÃO DE DROGAS DE PERNAMBUCO -,apenas_positivos,20,16,4,0,N/A,N/A,,,,False,True,0.9825137053548003,[],nenhum
20260527_095838,700005352,CONVÊNIO NFECÇÃO PELO VÍRUS DA INFLUENZA AVIÁRIA H -,apenas_positivos,14,11,3,0,N/A,N/A,,,,False,True,0.9818953952879282,[],nenhum
20260527_095838,700005359,CONVÊNIO NÚCLEO DE ATENÇÃO A SAÚDE DO SERVIDOR PEN -,apenas_positivos,10,7,3,0,N/A,N/A,,,,False,True,0.8692469551389606,[],nenhum
20260527_095838,700005391,CONVÊNIO IMPLEMENTAÇÃO DE CENTRAL DE ATENDIMENTO A -,apenas_positivos,20,16,4,0,N/A,N/A,,,,False,True,0.9996807425643516,[],nenhum
20260527_095838,700005427,CONVÊNIO TECNOVA III PERNAMBUCO -,apenas_positivos,14,11,3,0,N/A,N/A,,,,False,True,0.9987523708742809,[],nenhum
20260527_095838,700005428,CONVÊNIO TECNOVA III PERNAMBUCO -,apenas_positivos,14,11,3,0,N/A,N/A,,,,False,True,0.9990902250253609,[],nenhum
20260527_095838,700005429,CONVÊNIO COMBATE À DESERTIFICAÇÃO SEMIÁRIDO-CISTER - 956075,apenas_positivos,17,14,3,0,N/A,N/A,,,,False,True,0.9999802117925801,[],nenhum
20260527_095838,700005446,CONVÊNIO TC PAC CIDADES HISTÓRICAS Nº 294/ RESTAUR - ASSINADO,apenas_positivos,15,12,3,0,N/A,N/A,,,,False,True,0.930559269550735,[],nenhum
20260527_095838,702004140,CONVÊNIO CONVÊNIO DE COOPERAÇÃO TÉCNICA Nº 51/2013 - CV Nº 51/2013 - PCR.,positivos_e_negativos,63,51,12,0,N/A,N/A,,,,False,True,0.9596964687512392,[12],nenhum
20260527_095838,702004197,CONVÊNIO CICLOVIÁRIO DA REGIÃO METROPOLITANA DO RE - PLANO DIRETOR CICLOVIÁRIO,apenas_positivos,74,62,12,1,ARIMA,"(1,0,2)",376.51977737282226,331.5554193782129,36.822148960746915,False,False,2.5865247077262608e-11,[1],pacf
20260527_095838,702004197,CONVÊNIO CICLOVIÁRIO DA REGIÃO METROPOLITANA DO RE - PLANO DIRETOR CICLOVIÁRIO,apenas_positivos,74,62,12,1,LR,Ridge(alpha=10.0),467.5476503175397,428.6089397067,48.47833470951666,False,False,2.5865247077262608e-11,[1],pacf
20260527_095838,702004197,CONVÊNIO CICLOVIÁRIO DA REGIÃO METROPOLITANA DO RE - PLANO DIRETOR CICLOVIÁRIO,apenas_positivos,74,62,12,1,SVR,"{'C': 100, 'epsilon': 0.01, 'kernel': 'linear'}",270.8130519172052,227.92933046521202,25.018665396559946,True,False,2.5865247077262608e-11,[1],pacf
20260527_095838,702004197,CONVÊNIO CICLOVIÁRIO DA REGIÃO METROPOLITANA DO RE - PLANO DIRETOR CICLOVIÁRIO,apenas_positivos,74,62,12,1,MLP,"{'hidden_layer_sizes': (100, 50), 'alpha': 0.0001, 'learning_rate_init': 0.01}",664.9476516428997,635.9670941474639,76.00135544070481,False,False,2.5865247077262608e-11,[1],pacf
20260527_095838,702004226,CONVÊNIO COOPERAÇÃO TÉCNICA DE VIDEO MONITORAMENTO -,apenas_positivos,78,66,12,6,ARIMA,"(0,1,1)",138.32262076546027,120.33790746792413,13.935893965435561,False,False,2.5677074552531268e-76,"[1, 2, 6]",pacf
20260527_095838,702004226,CONVÊNIO COOPERAÇÃO TÉCNICA DE VIDEO MONITORAMENTO -,apenas_positivos,78,66,12,6,LR,Ridge(alpha=10.0),147.05407635219703,128.30811806876315,14.868587998514329,False,False,2.5677074552531268e-76,"[1, 2, 6]",pacf
20260527_095838,702004226,CONVÊNIO COOPERAÇÃO TÉCNICA DE VIDEO MONITORAMENTO -,apenas_positivos,78,66,12,6,SVR,"{'C': 1, 'epsilon': 1, 'kernel': 'linear'}",200.9475587313421,183.66043931586705,21.50807261177736,False,False,2.5677074552531268e-76,"[1, 2, 6]",pacf
20260527_095838,702004226,CONVÊNIO COOPERAÇÃO TÉCNICA DE VIDEO MONITORAMENTO -,apenas_positivos,78,66,12,6,MLP,"{'hidden_layer_sizes': (100,), 'alpha': 0.001, 'learning_rate_init': 0.001}",133.38614756867085,115.79132340286394,13.403510756384406,True,False,2.5677074552531268e-76,"[1, 2, 6]",pacf
20260527_095838,702004281,CONVÊNIO VIDEOMONITORAMENTO ENTRE A SDS E A PREFEI - CONVÊNIO DE COOP.  08/2014,apenas_positivos,77,65,12,2,ARIMA,"(1,1,2)",35.68234360266115,29.812014666747498,8.459290024922884,True,False,2.7032360985174297e-69,"[1, 2]",pacf
20260527_095838,702004281,CONVÊNIO VIDEOMONITORAMENTO ENTRE A SDS E A PREFEI - CONVÊNIO DE COOP.  08/2014,apenas_positivos,77,65,12,2,LR,Ridge(alpha=0.01),82.03549247754208,71.88622356405146,20.56730828997578,False,False,2.7032360985174297e-69,"[1, 2]",pacf
20260527_095838,702004281,CONVÊNIO VIDEOMONITORAMENTO ENTRE A SDS E A PREFEI - CONVÊNIO DE COOP.  08/2014,apenas_positivos,77,65,12,2,SVR,"{'C': 1, 'epsilon': 0.1, 'kernel': 'linear'}",49.005179872366945,40.83072514363059,11.549128579255651,False,False,2.7032360985174297e-69,"[1, 2]",pacf
20260527_095838,702004281,CONVÊNIO VIDEOMONITORAMENTO ENTRE A SDS E A PREFEI - CONVÊNIO DE COOP.  08/2014,apenas_positivos,77,65,12,2,MLP,"{'hidden_layer_sizes': (100, 50), 'alpha': 0.01, 'learning_rate_init': 0.01}",49.361161648115115,40.80572047491344,11.525724350745769,False,False,2.7032360985174297e-69,"[1, 2]",pacf
20260527_095838,702004749,CONVÊNIO COOPERAÇÃO TÉCNICA ADM. E FINANCEIRA ENTR - CONVÊNIO 009/2019-GGPPE/SDS,apenas_positivos,68,56,12,1,ARIMA,"(1,0,0)",119232.37044278679,107423.21690119577,19768.73064217009,False,False,0.00847862117153499,[1],pacf
20260527_095838,702004749,CONVÊNIO COOPERAÇÃO TÉCNICA ADM. E FINANCEIRA ENTR - CONVÊNIO 009/2019-GGPPE/SDS,apenas_positivos,68,56,12,1,LR,Ridge(alpha=10.0),117813.19526522473,106073.98318192306,19681.719244907774,False,False,0.00847862117153499,[1],pacf
20260527_095838,702004749,CONVÊNIO COOPERAÇÃO TÉCNICA ADM. E FINANCEIRA ENTR - CONVÊNIO 009/2019-GGPPE/SDS,apenas_positivos,68,56,12,1,SVR,"{'C': 10, 'epsilon': 1, 'kernel': 'rbf'}",133109.8874126998,123853.17890848957,22534.616615516923,False,False,0.00847862117153499,[1],pacf
20260527_095838,702004749,CONVÊNIO COOPERAÇÃO TÉCNICA ADM. E FINANCEIRA ENTR - CONVÊNIO 009/2019-GGPPE/SDS,apenas_positivos,68,56,12,1,MLP,"{'hidden_layer_sizes': (100,), 'alpha': 0.01, 'learning_rate_init': 0.01}",98214.4623352352,85627.47718607773,16093.624278095145,True,False,0.00847862117153499,[1],pacf
20260527_095838,702005036,CONVÊNIO PJES BELO JARDIM - Nº004/2021-GGPPE/SDS,apenas_positivos,50,40,10,0,N/A,N/A,,,,False,True,0.561058208404889,[],nenhum
20260527_095838,702005118,CONVÊNIO CONVÊNIO ENTRE A SDS E A PREFEITURA MUNIC - 009/2021,apenas_positivos,44,36,8,6,ARIMA,"(3,1,0)",12.918260432269397,12.013853975014491,9.576600800695466,False,False,0.0030259236366223558,"[1, 6]",pacf
20260527_095838,702005118,CONVÊNIO CONVÊNIO ENTRE A SDS E A PREFEITURA MUNIC - 009/2021,apenas_positivos,44,36,8,6,LR,Ridge(alpha=100.0),18.00676686266244,16.426903123583052,12.997755756077733,False,False,0.0030259236366223558,"[1, 6]",pacf
20260527_095838,702005118,CONVÊNIO CONVÊNIO ENTRE A SDS E A PREFEITURA MUNIC - 009/2021,apenas_positivos,44,36,8,6,SVR,"{'C': 100, 'epsilon': 0.01, 'kernel': 'linear'}",21.807193604964954,20.249696332966067,16.078180457777012,False,False,0.0030259236366223558,"[1, 6]",pacf
20260527_095838,702005118,CONVÊNIO CONVÊNIO ENTRE A SDS E A PREFEITURA MUNIC - 009/2021,apenas_positivos,44,36,8,6,MLP,"{'hidden_layer_sizes': (100, 50), 'alpha': 0.01, 'learning_rate_init': 0.001}",11.031947857504635,10.385939320933073,8.362664834413337,True,False,0.0030259236366223558,"[1, 6]",pacf
20260527_095838,702005204,CONVÊNIO CONVÊNIO DE COOPERAÇÃO TÉCNICA Nº004/2022 -,apenas_positivos,28,23,5,0,N/A,N/A,,,,False,True,0.2640122971340547,[1],nenhum
20260527_095838,702005241,CONVÊNIO CONVÊNIO DE COOPERAÇÃO TÉCNICA E FINANCEI -,apenas_positivos,27,22,5,0,N/A,N/A,,,,False,True,0.8006789726316034,[],nenhum
20260527_095838,703004276,CONVÊNIO TERMO DE COOPERAÇÃO TÉCNICA-FINANCEIRA Nº - 001/2013,apenas_positivos,29,24,5,2,ARIMA,"(0,2,0)",0.21466252583997986,0.12800000000000028,7.648324581822183,True,False,2.5512749580816018e-12,"[1, 2]",pacf
20260527_095838,703004276,CONVÊNIO TERMO DE COOPERAÇÃO TÉCNICA-FINANCEIRA Nº - 001/2013,apenas_positivos,29,24,5,2,LR,Ridge(alpha=1.0),0.22244606748922086,0.16370963943258196,16.421557118684305,False,False,2.5512749580816018e-12,"[1, 2]",pacf
20260527_095838,703004276,CONVÊNIO TERMO DE COOPERAÇÃO TÉCNICA-FINANCEIRA Nº - 001/2013,apenas_positivos,29,24,5,2,SVR,"{'C': 100, 'epsilon': 0.01, 'kernel': 'linear'}",0.2216193896537204,0.1572351737256967,14.67273644979343,False,False,2.5512749580816018e-12,"[1, 2]",pacf
20260527_095838,703004276,CONVÊNIO TERMO DE COOPERAÇÃO TÉCNICA-FINANCEIRA Nº - 001/2013,apenas_positivos,29,24,5,2,MLP,"{'hidden_layer_sizes': (50,), 'alpha': 0.0001, 'learning_rate_init': 0.001}",0.2193374792755449,0.1403018812514768,10.304463568598562,False,False,2.5512749580816018e-12,"[1, 2]",pacf
20260527_095838,703004277,CONVÊNIO ITEP- BOLSA COMPLEMENTAR 2014 -,apenas_positivos,55,44,11,2,ARIMA,"(0,1,1)",13.416997472582395,11.570774729244796,49.11584967025458,False,False,3.527911313716882e-16,"[1, 2]",pacf
20260527_095838,703004277,CONVÊNIO ITEP- BOLSA COMPLEMENTAR 2014 -,apenas_positivos,55,44,11,2,LR,Ridge(alpha=0.01),13.245392185614412,9.216438510490418,33.966210353219346,False,False,3.527911313716882e-16,"[1, 2]",pacf
20260527_095838,703004277,CONVÊNIO ITEP- BOLSA COMPLEMENTAR 2014 -,apenas_positivos,55,44,11,2,SVR,"{'C': 100, 'epsilon': 0.01, 'kernel': 'linear'}",15.140944211092155,11.41236637904471,40.332042589431886,False,False,3.527911313716882e-16,"[1, 2]",pacf
20260527_095838,703004277,CONVÊNIO ITEP- BOLSA COMPLEMENTAR 2014 -,apenas_positivos,55,44,11,2,MLP,"{'hidden_layer_sizes': (50, 50), 'alpha': 0.0001, 'learning_rate_init': 0.01}",12.48922356742911,8.033678489779385,30.449117794270812,True,False,3.527911313716882e-16,"[1, 2]",pacf
20260527_095838,703004361,CONVÊNIO FACEPE/PITEC-FIAT -,apenas_positivos,55,44,11,2,ARIMA,"(0,1,1)",12897.084189756477,4640.970460302567,53.307151387600314,True,False,8.117055906916385e-18,"[1, 2]",pacf
20260527_095838,703004361,CONVÊNIO FACEPE/PITEC-FIAT -,apenas_positivos,55,44,11,2,LR,Ridge(alpha=0.01),13088.229065469548,4413.566831513588,36.354923264142386,False,False,8.117055906916385e-18,"[1, 2]",pacf
20260527_095838,703004361,CONVÊNIO FACEPE/PITEC-FIAT -,apenas_positivos,55,44,11,2,SVR,"{'C': 100, 'epsilon': 0.01, 'kernel': 'linear'}",13180.317653731421,4608.408293911622,42.924847910939164,False,False,8.117055906916385e-18,"[1, 2]",pacf
20260527_095838,703004361,CONVÊNIO FACEPE/PITEC-FIAT -,apenas_positivos,55,44,11,2,MLP,"{'hidden_layer_sizes': (50, 50), 'alpha': 0.0001, 'learning_rate_init': 0.01}",12921.113790781614,4564.532842956102,48.89255326604175,False,False,8.117055906916385e-18,"[1, 2]",pacf
20260527_095838,703004405,CONVÊNIO FACEPE/PITEC-FIAT 2ª RODADA -,apenas_positivos,55,44,11,0,N/A,N/A,,,,False,True,0.8515931134757113,[],nenhum
20260527_095838,703004500,CONVÊNIO PITEC 4ª RODADA - KURIER TECNOLOGIA EM IN -,apenas_positivos,55,44,11,2,ARIMA,"(0,1,1)",259.01626160868165,223.4106968029604,49.136495014623605,False,False,5.610760164729878e-18,"[1, 2]",pacf
20260527_095838,703004500,CONVÊNIO PITEC 4ª RODADA - KURIER TECNOLOGIA EM IN -,apenas_positivos,55,44,11,2,LR,Ridge(alpha=0.01),249.9032203590939,168.44241578044824,32.70422623893001,False,False,5.610760164729878e-18,"[1, 2]",pacf
20260527_095838,703004500,CONVÊNIO PITEC 4ª RODADA - KURIER TECNOLOGIA EM IN -,apenas_positivos,55,44,11,2,SVR,"{'C': 100, 'epsilon': 0.01, 'kernel': 'linear'}",278.13798867035564,207.5406711135134,38.76826034789564,False,False,5.610760164729878e-18,"[1, 2]",pacf
20260527_095838,703004500,CONVÊNIO PITEC 4ª RODADA - KURIER TECNOLOGIA EM IN -,apenas_positivos,55,44,11,2,MLP,"{'hidden_layer_sizes': (50, 50), 'alpha': 0.0001, 'learning_rate_init': 0.01}",239.76726719055856,154.645150552202,30.893843915378405,True,False,5.610760164729878e-18,"[1, 2]",pacf
20260527_095838,703004883,CONVÊNIO PITEC - FACEPE/NESS/UFRPE -,apenas_positivos,40,32,8,0,N/A,N/A,,,,False,True,0.19298482888293672,[1],nenhum
20260527_095838,703004946,CONVÊNIO CONVÊNIO DE COOPERAÇÃO TÉCNICA E ADMINIST -,positivos_e_negativos,40,32,8,0,N/A,N/A,,,,False,True,0.9999999955574769,[],nenhum
20260527_095838,703004949,CONVÊNIO PITEC-FCA -,apenas_positivos,40,32,8,0,N/A,N/A,,,,False,True,0.9117265476672193,[],nenhum
20260527_095838,703004966,CONVÊNIO CONVENIO ROTA DO ATLANTICO - Nº001/2020-CRA,apenas_positivos,48,39,9,0,N/A,N/A,,,,False,True,0.9999999999996952,[],nenhum
20260527_095838,703005214,CONVÊNIO FACEPE/LUZ ENGENHARIA LTDA - PITEC 2022 -,apenas_positivos,20,16,4,0,N/A,N/A,,,,False,True,0.9999951626783959,[],nenhum
20260527_095838,703005215,CONVÊNIO FACEPE/PITEC/SOMAR ESPECIAL CARE - PITEC  -,apenas_positivos,20,16,4,0,N/A,N/A,,,,False,True,0.993710817095677,[],nenhum
20260527_095838,703005216,CONVÊNIO FACEPE/PITEC/POLILAC - PITEC 2022 -,apenas_positivos,19,16,3,0,N/A,N/A,,,,False,True,0.9990113807043194,[],nenhum
20260527_095838,706210000,TRANSFERÊNCIA  ESPECIAL  DA UNIÃO - 2021,apenas_positivos,34,28,6,0,N/A,N/A,,,,False,True,0.06834368864229388,[],nenhum
20260527_095838,706220000,TRANSFERÊNCIA  ESPECIAL  DA UNIÃO - 2022,apenas_positivos,33,27,6,0,N/A,N/A,,,,False,True,0.9999243379931255,[],nenhum
20260527_095838,706230000,TRANSFERÊNCIA  ESPECIAL  DA UNIÃO - 2023,apenas_positivos,27,22,5,0,N/A,N/A,,,,False,True,0.1065607251174637,[2],nenhum
20260527_095838,708000000,TRANSFERÊNCIA DA UNIÃO REFERENTE À COMPENSAÇÃO FINANCEIRA DE RECURSOS MINERAIS,apenas_positivos,78,66,12,0,N/A,N/A,,,,False,True,0.5017642161500155,[],nenhum
20260527_095838,711080000,DEMAIS TRANSFERÊNCIAS OBRIGATÓRIAS NÃO DECORRENTES DE REPARTIÇÕES DE RECEITAS - LEI FEDERAL Nº 9.615/1998 (LEI PELÉ),apenas_positivos,81,69,12,0,N/A,N/A,,,,False,True,0.7540078412451277,[],nenhum
20260527_095838,712500000,TRANSFERÊNCIAS FUNDO A FUNDO DE RECURSOS DO FUNDO PENITENCIÁRIO - FUNPEN,apenas_positivos,70,58,12,0,N/A,N/A,,,,False,True,0.9979655824852763,[],nenhum
20260527_095838,713000000,TRANSFERÊNCIAS FUNDO A FUNDO DE RECURSOS DO FUNDO DE SEGURANÇA PÚBLICA - FSP,apenas_positivos,34,28,6,0,N/A,N/A,,,,False,True,0.9107060772055628,[],nenhum
20260527_095838,714005004,CONVÊNIO FUNDO A FUNDO - FET/PE - 021 2019,apenas_positivos,31,25,6,0,N/A,N/A,,,,False,True,0.7777976439873274,[],nenhum
20260527_095838,714005393,CONVÊNIO BLOCO DE ASSESSORAMENTO ESTATÍSTICO - FET -,apenas_positivos,20,16,4,0,N/A,N/A,,,,False,True,0.9999945942189321,[],nenhum
20260527_095838,715000000,TRANSFERÊNCIAS DESTINADAS AO SETOR CULTURAL - LC Nº195/2022 - ART 5º - AUDIOVISUAL,apenas_positivos,22,18,4,0,N/A,N/A,,,,False,True,0.999999371288931,[],nenhum
20260527_095838,719000000,TRANSFERÊNCIAS DA POLÍTICA NACIONAL ALDIR BLANC DE FOMENTO À CULTURA - LEI Nº 14.399/2022,apenas_positivos,22,18,4,0,N/A,N/A,,,,False,True,0.9998745316703859,[],nenhum
20260527_095838,720000000,TRANSFERÊNCIAS DA UNIÃO REFERENTES ÀS PARTICIPAÇÕES NA EXPLORAÇÃO DE PETRÓLEO E GÁS NATURAL DESTINADAS AO FEP - LEI 9.478/1997,apenas_positivos,22,18,4,0,N/A,N/A,,,,False,True,0.8668200318738002,[],nenhum
20260527_095838,749000000,OUTRAS VINCULAÇÕES DE TRANSFERÊNCIAS,positivos_e_negativos,18,15,3,0,N/A,N/A,,,,False,True,0.9759682153762088,[],nenhum
20260527_095838,750000000,RECURSOS DA CONTRIBUIÇÃO DE INTERVENÇÃO NO DOMÍNIO ECONÔMICO - CIDE,apenas_positivos,42,34,8,0,N/A,N/A,,,,False,True,0.12859187905150815,[1],nenhum
20260527_095838,752000000,RECURSOS VINCULADOS AO TRÂNSITO,positivos_e_negativos,82,70,12,1,ARIMA,"(1,0,0)",4572061.290763155,4056178.3190919827,138.57164056200048,False,False,0.007820587083301515,[1],pacf
20260527_095838,752000000,RECURSOS VINCULADOS AO TRÂNSITO,positivos_e_negativos,82,70,12,1,LR,Ridge(alpha=100.0),4559764.792735624,4037325.7299673907,138.28163562150343,True,False,0.007820587083301515,[1],pacf
20260527_095838,752000000,RECURSOS VINCULADOS AO TRÂNSITO,positivos_e_negativos,82,70,12,1,SVR,"{'C': 10, 'epsilon': 1, 'kernel': 'rbf'}",5376916.398595147,4755796.030138005,123.19994721631195,False,False,0.007820587083301515,[1],pacf
20260527_095838,752000000,RECURSOS VINCULADOS AO TRÂNSITO,positivos_e_negativos,82,70,12,1,MLP,"{'hidden_layer_sizes': (100, 50), 'alpha': 0.001, 'learning_rate_init': 0.001}",5506741.658804676,4855196.430035281,117.01145224025618,False,False,0.007820587083301515,[1],pacf
20260527_095838,753000000,RECURSOS PROVENIENTES DE TAXAS E CONTRIBUIÇÕES E PREÇOS PÚBLICOS,positivos_e_negativos,82,70,12,1,ARIMA,"(1,0,0)",17610022.7839698,16903828.514143154,27.52813964338687,False,False,0.023443077383048277,[1],pacf
20260527_095838,753000000,RECURSOS PROVENIENTES DE TAXAS E CONTRIBUIÇÕES E PREÇOS PÚBLICOS,positivos_e_negativos,82,70,12,1,LR,Ridge(alpha=10.0),17194125.342685662,16476611.873149164,26.78215607657001,True,False,0.023443077383048277,[1],pacf
20260527_095838,753000000,RECURSOS PROVENIENTES DE TAXAS E CONTRIBUIÇÕES E PREÇOS PÚBLICOS,positivos_e_negativos,82,70,12,1,SVR,"{'C': 100, 'epsilon': 1, 'kernel': 'rbf'}",65092307.42762532,61210053.63079699,102.59847434889406,False,False,0.023443077383048277,[1],pacf
20260527_095838,753000000,RECURSOS PROVENIENTES DE TAXAS E CONTRIBUIÇÕES E PREÇOS PÚBLICOS,positivos_e_negativos,82,70,12,1,MLP,"{'hidden_layer_sizes': (50, 50), 'alpha': 0.01, 'learning_rate_init': 0.01}",18950758.684353158,18367029.79432783,30.09446650168747,False,False,0.023443077383048277,[1],pacf
20260527_095838,753220201,"RECURSOS PROVENIENTES DE TAXAS, CONTRIBUIÇÕES E PREÇOS PÚBLICOS - ADAGRO",apenas_positivos,82,70,12,12,ARIMA,"(2,1,3)",291932.1795712662,235042.84188588956,16.273752870428687,False,False,9.298659457908538e-50,"[1, 2, 5, 9, 12]",pacf
20260527_095838,753220201,"RECURSOS PROVENIENTES DE TAXAS, CONTRIBUIÇÕES E PREÇOS PÚBLICOS - ADAGRO",apenas_positivos,82,70,12,12,LR,Ridge(alpha=10.0),254088.97097577367,209679.34240784906,14.617462221783095,False,False,9.298659457908538e-50,"[1, 2, 5, 9, 12]",pacf
20260527_095838,753220201,"RECURSOS PROVENIENTES DE TAXAS, CONTRIBUIÇÕES E PREÇOS PÚBLICOS - ADAGRO",apenas_positivos,82,70,12,12,SVR,"{'C': 100, 'epsilon': 0.01, 'kernel': 'linear'}",271072.29445570137,220277.51007885588,15.278865561805308,False,False,9.298659457908538e-50,"[1, 2, 5, 9, 12]",pacf
20260527_095838,753220201,"RECURSOS PROVENIENTES DE TAXAS, CONTRIBUIÇÕES E PREÇOS PÚBLICOS - ADAGRO",apenas_positivos,82,70,12,12,MLP,"{'hidden_layer_sizes': (100, 50), 'alpha': 0.0001, 'learning_rate_init': 0.001}",169970.25598329992,136507.44356558783,9.942670150172361,True,False,9.298659457908538e-50,"[1, 2, 5, 9, 12]",pacf
20260527_095838,753390301,"RECURSOS PROVENIENTES DE TAXAS, CONTRIBUIÇÕES E PREÇOS PÚBLICOS - I.M.L. I.T.B I.C.",positivos_e_negativos,77,65,12,0,N/A,N/A,,,,False,True,0.9972660061348558,[],nenhum
20260527_095838,753390601,"RECURSOS PROVENIENTES DE TAXAS, CONTRIBUIÇÕES E PREÇOS PÚBLICOS - BOMBEIROS",apenas_positivos,82,70,12,0,N/A,N/A,,,,False,True,0.5211584911675394,[6],nenhum
20260527_095838,753390701,"RECURSOS PROVENIENTES DE TAXAS, CONTRIBUIÇÕES E PREÇOS PÚBLICOS - CASIS",apenas_positivos,82,70,12,0,N/A,N/A,,,,False,True,0.23816870191336903,[9],nenhum
20260527_095838,753610801,"RECURSOS PROVENIENTES DE TAXAS, CONTRIBUIÇÕES E PREÇOS PÚBLICOS - MULTAS CPRH",apenas_positivos,43,35,8,3,ARIMA,"(2,1,0)",167920.26505788125,143949.69989371486,36.32905518909767,False,False,0.0004643559003785557,[3],pacf
20260527_095838,753610801,"RECURSOS PROVENIENTES DE TAXAS, CONTRIBUIÇÕES E PREÇOS PÚBLICOS - MULTAS CPRH",apenas_positivos,43,35,8,3,LR,Ridge(alpha=0.01),149971.2468040144,127046.69765478178,33.011289139788005,False,False,0.0004643559003785557,[3],pacf
20260527_095838,753610801,"RECURSOS PROVENIENTES DE TAXAS, CONTRIBUIÇÕES E PREÇOS PÚBLICOS - MULTAS CPRH",apenas_positivos,43,35,8,3,SVR,"{'C': 1, 'epsilon': 1, 'kernel': 'linear'}",183894.66308961055,152744.87478806567,37.21212109777995,False,False,0.0004643559003785557,[3],pacf
20260527_095838,753610801,"RECURSOS PROVENIENTES DE TAXAS, CONTRIBUIÇÕES E PREÇOS PÚBLICOS - MULTAS CPRH",apenas_positivos,43,35,8,3,MLP,"{'hidden_layer_sizes': (100,), 'alpha': 0.0001, 'learning_rate_init': 0.001}",109497.80219065117,89652.27408775123,22.257058822517664,True,False,0.0004643559003785557,[3],pacf
20260527_095838,754004757,CONTRATO BID 4554 - PROFISCO II,apenas_positivos,42,34,8,0,N/A,N/A,,,,False,True,0.6693848306257898,[],nenhum
20260527_095838,754005127,PROJETO DE INFRAESTRUTURA RODOVIÁRIA,positivos_e_negativos,11,8,3,0,N/A,N/A,,,,False,True,0.48725335510832535,[],nenhum
20260527_095838,754005226,PROJETO DE MELHORIA DAS ESTRUTURAS DO MPPE,apenas_positivos,31,25,6,0,N/A,N/A,,,,False,True,0.8936915851283095,[],nenhum
20260527_095838,755000000,RECURSOS DE ALIENAÇÃO DE BENS/ATIVOS - ADMINISTRAÇÃO DIRETA,apenas_positivos,82,70,12,0,N/A,N/A,,,,False,True,0.6075117674188784,[],nenhum
20260527_095838,756000000,RECURSOS DE ALIENAÇÃO DE BENS/ATIVOS - ADMINISTRAÇÃO INDIRETA,apenas_positivos,40,32,8,0,N/A,N/A,,,,False,True,0.3227599841902393,[],nenhum
20260527_095838,757000000,RECURSOS DE DEPÓSITOS JUDICIAIS – LIDES DAS QUAIS O ENTE FAZ PARTE,apenas_positivos,44,36,8,0,N/A,N/A,,,,False,True,0.9999996425534827,[],nenhum
20260527_095838,759000000,RECURSOS VINCULADOS A FUNDOS,positivos_e_negativos,20,16,4,0,N/A,N/A,,,,False,True,0.4483115266490121,[],nenhum
20260527_095838,759120201,RECURSOS VINCULADOS A FUNDOS - FUNDO DE REGULARIZAÇÃO FUNDIÁRIA,positivos_e_negativos,27,22,5,0,N/A,N/A,,,,False,True,0.06722973427866222,[],nenhum
20260527_095838,759130401,RECURSOS VINCULADOS A FUNDOS - FEDC-PE,apenas_positivos,82,70,12,0,N/A,N/A,,,,False,True,0.4934567323795964,[],nenhum
20260527_095838,759150000,RECURSOS VINCULADOS A FUNDOS - FUNDO APERF. TCE,apenas_positivos,82,70,12,3,ARIMA,"(0,1,2)",186887.03647409863,135684.60644345995,19.23786641458494,False,False,3.211826068982156e-18,"[1, 2, 3]",pacf
20260527_095838,759150000,RECURSOS VINCULADOS A FUNDOS - FUNDO APERF. TCE,apenas_positivos,82,70,12,3,LR,Ridge(alpha=0.01),205946.2605349296,145060.42408410463,18.921153726267455,False,False,3.211826068982156e-18,"[1, 2, 3]",pacf
20260527_095838,759150000,RECURSOS VINCULADOS A FUNDOS - FUNDO APERF. TCE,apenas_positivos,82,70,12,3,SVR,"{'C': 10, 'epsilon': 1, 'kernel': 'linear'}",180785.33151162372,126033.18335959502,17.560528056625724,True,False,3.211826068982156e-18,"[1, 2, 3]",pacf
20260527_095838,759150000,RECURSOS VINCULADOS A FUNDOS - FUNDO APERF. TCE,apenas_positivos,82,70,12,3,MLP,"{'hidden_layer_sizes': (50,), 'alpha': 0.0001, 'learning_rate_init': 0.001}",293480.2819801759,216090.9950559689,27.264819981041473,False,False,3.211826068982156e-18,"[1, 2, 3]",pacf
20260527_095838,759240000,RECURSOS VINCULADOS A FUNDOS - FERM,apenas_positivos,82,70,12,5,ARIMA,"(0,1,1)",9699064.337254046,7775196.618503925,13.62335882101308,False,False,8.811884138516579e-71,"[1, 2, 5]",pacf
20260527_095838,759240000,RECURSOS VINCULADOS A FUNDOS - FERM,apenas_positivos,82,70,12,5,LR,Ridge(alpha=1.0),6505605.380078824,5671499.450514945,10.858281311257757,False,False,8.811884138516579e-71,"[1, 2, 5]",pacf
20260527_095838,759240000,RECURSOS VINCULADOS A FUNDOS - FERM,apenas_positivos,82,70,12,5,SVR,"{'C': 100, 'epsilon': 0.1, 'kernel': 'linear'}",6324915.580834131,5342416.625894214,10.774076261213299,True,False,8.811884138516579e-71,"[1, 2, 5]",pacf
20260527_095838,759240000,RECURSOS VINCULADOS A FUNDOS - FERM,apenas_positivos,82,70,12,5,MLP,"{'hidden_layer_sizes': (50, 50), 'alpha': 0.01, 'learning_rate_init': 0.001}",6847252.27850332,6009086.090712816,11.411179921328019,False,False,8.811884138516579e-71,"[1, 2, 5]",pacf
20260527_095838,759260101,RECURSOS VINCULADOS A FUNDOS - FUNTEC,positivos_e_negativos,82,70,12,1,ARIMA,"(0,1,0)",374022.2280332632,188300.09249999994,36.05330691552379,False,False,7.517932427171635e-56,[1],pacf
20260527_095838,759260101,RECURSOS VINCULADOS A FUNDOS - FUNTEC,positivos_e_negativos,82,70,12,1,LR,Ridge(alpha=0.01),329584.56210264366,153338.91110896805,28.33449418112283,True,False,7.517932427171635e-56,[1],pacf
20260527_095838,759260101,RECURSOS VINCULADOS A FUNDOS - FUNTEC,positivos_e_negativos,82,70,12,1,SVR,"{'C': 1, 'epsilon': 1, 'kernel': 'linear'}",364179.0767769726,170140.3480443314,32.328305497400244,False,False,7.517932427171635e-56,[1],pacf
20260527_095838,759260101,RECURSOS VINCULADOS A FUNDOS - FUNTEC,positivos_e_negativos,82,70,12,1,MLP,"{'hidden_layer_sizes': (100, 50), 'alpha': 0.0001, 'learning_rate_init': 0.001}",344211.96492161974,147035.50327564342,27.023047531667704,False,False,7.517932427171635e-56,[1],pacf
20260527_095838,759310101,FEMA,apenas_positivos,33,27,6,0,N/A,N/A,,,,False,True,0.10548919244673446,[],nenhum
20260527_095838,759360101,RECURSOS VINCULADOS A FUNDOS - FEMA,positivos_e_negativos,82,70,12,0,N/A,N/A,,,,False,True,0.25302745754701966,[1],nenhum
20260527_095838,759370101,RECURSOS VINCULADOS A FUNDOS - FUNDO DE SUCUMBENCIA,apenas_positivos,82,70,12,0,N/A,N/A,,,,False,True,0.9964957490779921,[],nenhum
20260527_095838,759410101,RECURSOS VINCULADOS A FUNDOS - FEDCA,positivos_e_negativos,56,45,11,0,N/A,N/A,,,,False,True,0.2901712457688054,[4],nenhum
20260527_095838,759410301,RECURSOS VINCULADOS A FUNDOS - FUPES,positivos_e_negativos,78,66,12,3,ARIMA,"(1,0,1)",53716.531833955974,32362.57629023878,60.973661793002506,True,False,1.1530579886369626e-34,"[1, 2, 3]",pacf
20260527_095838,759410301,RECURSOS VINCULADOS A FUNDOS - FUPES,positivos_e_negativos,78,66,12,3,LR,Ridge(alpha=0.01),56853.75456262636,37083.241506340535,77.55517777943193,False,False,1.1530579886369626e-34,"[1, 2, 3]",pacf
20260527_095838,759410301,RECURSOS VINCULADOS A FUNDOS - FUPES,positivos_e_negativos,78,66,12,3,SVR,"{'C': 10, 'epsilon': 0.1, 'kernel': 'linear'}",58318.971253748015,39125.70624456052,84.5194849912769,False,False,1.1530579886369626e-34,"[1, 2, 3]",pacf
20260527_095838,759410301,RECURSOS VINCULADOS A FUNDOS - FUPES,positivos_e_negativos,78,66,12,3,MLP,"{'hidden_layer_sizes': (100,), 'alpha': 0.0001, 'learning_rate_init': 0.01}",56289.500464010955,36263.772412312384,74.6820374432963,False,False,1.1530579886369626e-34,"[1, 2, 3]",pacf
20260527_095838,759460000,RECURSOS VINCULADOS A FUNDOS - FURPE,apenas_positivos,76,64,12,3,ARIMA,"(0,1,1)",2041770.5292125237,1848648.0487699609,51.99744831930969,False,False,1.3476647352551334e-08,"[1, 3]",pacf
20260527_095838,759460000,RECURSOS VINCULADOS A FUNDOS - FURPE,apenas_positivos,76,64,12,3,LR,Ridge(alpha=0.01),1273232.7660209485,1099477.4113575371,29.020851778381296,False,False,1.3476647352551334e-08,"[1, 3]",pacf
20260527_095838,759460000,RECURSOS VINCULADOS A FUNDOS - FURPE,apenas_positivos,76,64,12,3,SVR,"{'C': 0.1, 'epsilon': 1, 'kernel': 'linear'}",1329050.19789556,898007.578392167,18.483213490729437,False,False,1.3476647352551334e-08,"[1, 3]",pacf
20260527_095838,759460000,RECURSOS VINCULADOS A FUNDOS - FURPE,apenas_positivos,76,64,12,3,MLP,"{'hidden_layer_sizes': (50, 50), 'alpha': 0.0001, 'learning_rate_init': 0.001}",1247472.1873395226,952867.0326566808,23.481892508415626,True,False,1.3476647352551334e-08,"[1, 3]",pacf
20260527_095838,759480101,RECURSOS VINCULADOS A FUNDOS - FUNCULTURA - PROJETOS DE PRODUTORES CULTURAIS,apenas_positivos,81,69,12,1,ARIMA,"(2,0,0)",2267121.25147565,2063449.3381936436,1297.4320073737588,False,False,0.001090122437828574,[1],pacf
20260527_095838,759480101,RECURSOS VINCULADOS A FUNDOS - FUNCULTURA - PROJETOS DE PRODUTORES CULTURAIS,apenas_positivos,81,69,12,1,LR,Ridge(alpha=1.0),2307571.5814347463,2131819.0922225453,1367.3622467845596,False,False,0.001090122437828574,[1],pacf
20260527_095838,759480101,RECURSOS VINCULADOS A FUNDOS - FUNCULTURA - PROJETOS DE PRODUTORES CULTURAIS,apenas_positivos,81,69,12,1,SVR,"{'C': 0.1, 'epsilon': 0.1, 'kernel': 'linear'}",2200154.9257221594,1830089.9290010845,937.2322874311951,False,False,0.001090122437828574,[1],pacf
20260527_095838,759480101,RECURSOS VINCULADOS A FUNDOS - FUNCULTURA - PROJETOS DE PRODUTORES CULTURAIS,apenas_positivos,81,69,12,1,MLP,"{'hidden_layer_sizes': (50, 50), 'alpha': 0.0001, 'learning_rate_init': 0.001}",2189664.834056563,1873572.703792806,1044.0288878900153,True,False,0.001090122437828574,[1],pacf
20260527_095838,759500000,RECURSOS VINCULADOS A FUNDOS - FUNPEPE - MULTAS PENAIS,apenas_positivos,17,14,3,0,N/A,N/A,,,,False,True,0.7881317308741058,[],nenhum
20260527_095838,759520000,RECURSOS VINCULADOS A FUNDOS - INOVAR-PE,positivos_e_negativos,81,69,12,12,ARIMA,"(2,1,2)",3514037.5674826894,2555036.9445576738,213.30028379259952,False,False,5.0393397816836786e-11,"[6, 12]",pacf
20260527_095838,759520000,RECURSOS VINCULADOS A FUNDOS - INOVAR-PE,positivos_e_negativos,81,69,12,12,LR,Ridge(alpha=0.01),2977358.2402658043,1910582.7870374753,67.48414865196332,False,False,5.0393397816836786e-11,"[6, 12]",pacf
20260527_095838,759520000,RECURSOS VINCULADOS A FUNDOS - INOVAR-PE,positivos_e_negativos,81,69,12,12,SVR,"{'C': 10, 'epsilon': 0.01, 'kernel': 'rbf'}",2784297.2337811445,1762138.5093830477,62.03708173896639,False,False,5.0393397816836786e-11,"[6, 12]",pacf
20260527_095838,759520000,RECURSOS VINCULADOS A FUNDOS - INOVAR-PE,positivos_e_negativos,81,69,12,12,MLP,"{'hidden_layer_sizes': (100, 50), 'alpha': 0.0001, 'learning_rate_init': 0.01}",2722266.593558606,1709314.4874230472,69.10832380334422,True,False,5.0393397816836786e-11,"[6, 12]",pacf
20260527_095838,759530000,RECURSOS VINCULADOS A FUNDOS - FUNPGE,apenas_positivos,82,70,12,1,ARIMA,"(1,0,0)",2230328.779086682,1376131.6479005162,50.1792586637644,False,False,0.01699989387567412,[1],pacf
20260527_095838,759530000,RECURSOS VINCULADOS A FUNDOS - FUNPGE,apenas_positivos,82,70,12,1,LR,Ridge(alpha=10.0),2229117.1302864826,1375183.9070678565,50.10342259897692,False,False,0.01699989387567412,[1],pacf
20260527_095838,759530000,RECURSOS VINCULADOS A FUNDOS - FUNPGE,apenas_positivos,82,70,12,1,SVR,"{'C': 1, 'epsilon': 1, 'kernel': 'linear'}",2238979.914475877,1385048.5225439228,50.395264577545085,False,False,0.01699989387567412,[1],pacf
20260527_095838,759530000,RECURSOS VINCULADOS A FUNDOS - FUNPGE,apenas_positivos,82,70,12,1,MLP,"{'hidden_layer_sizes': (50, 50), 'alpha': 0.0001, 'learning_rate_init': 0.001}",2177663.93832687,1336657.911026223,50.71467781200978,True,False,0.01699989387567412,[1],pacf
20260527_095838,759540000,RECURSOS VINCULADOS A FUNDOS - FDIMPPE,positivos_e_negativos,82,70,12,6,ARIMA,"(3,0,1)",238716.87318657117,87277.93055501832,63.9443868525568,False,False,0.0006872193790138703,"[2, 6]",pacf
20260527_095838,759540000,RECURSOS VINCULADOS A FUNDOS - FDIMPPE,positivos_e_negativos,82,70,12,6,LR,Ridge(alpha=100.0),236893.66712992938,77309.88261554217,28.917443195136933,False,False,0.0006872193790138703,"[2, 6]",pacf
20260527_095838,759540000,RECURSOS VINCULADOS A FUNDOS - FDIMPPE,positivos_e_negativos,82,70,12,6,SVR,"{'C': 1, 'epsilon': 0.1, 'kernel': 'linear'}",261947.48378015961,109415.0057048346,104.42613902094975,False,False,0.0006872193790138703,"[2, 6]",pacf
20260527_095838,759540000,RECURSOS VINCULADOS A FUNDOS - FDIMPPE,positivos_e_negativos,82,70,12,6,MLP,"{'hidden_layer_sizes': (100,), 'alpha': 0.01, 'learning_rate_init': 0.001}",226564.43641319158,79291.36059761004,47.902829879030755,True,False,0.0006872193790138703,"[2, 6]",pacf
20260527_095838,759570000,RECURSOS VINCULADOS A FUNDOS - FUNSEG,apenas_positivos,77,65,12,2,ARIMA,"(0,1,3)",138665.20150068312,108596.84272219609,7.018643318339812,False,False,1.7815097707061012e-76,"[1, 2]",pacf
20260527_095838,759570000,RECURSOS VINCULADOS A FUNDOS - FUNSEG,apenas_positivos,77,65,12,2,LR,Ridge(alpha=0.01),134655.84273916826,103900.02996580745,6.717697363008915,False,False,1.7815097707061012e-76,"[1, 2]",pacf
20260527_095838,759570000,RECURSOS VINCULADOS A FUNDOS - FUNSEG,apenas_positivos,77,65,12,2,SVR,"{'C': 100, 'epsilon': 0.1, 'kernel': 'linear'}",132218.9008571937,101303.26102233399,6.555552770263719,True,False,1.7815097707061012e-76,"[1, 2]",pacf
20260527_095838,759570000,RECURSOS VINCULADOS A FUNDOS - FUNSEG,apenas_positivos,77,65,12,2,MLP,"{'hidden_layer_sizes': (50,), 'alpha': 0.01, 'learning_rate_init': 0.01}",281276.6330942663,232831.5985473951,14.485487739108013,False,False,1.7815097707061012e-76,"[1, 2]",pacf
20260527_095838,759580000,RECURSOS VINCULADOS A FUNDOS - FET-PE,apenas_positivos,32,26,6,0,N/A,N/A,,,,False,True,0.552337468274911,[],nenhum
20260527_095838,759590000,RECURSOS VINCULADOS A FUNDOS - FUNREPOL,positivos_e_negativos,70,58,12,1,ARIMA,"(1,1,2)",580214.7099446062,242083.8565574825,23.054526692083957,False,False,1.7934371829820317e-18,[1],pacf
20260527_095838,759590000,RECURSOS VINCULADOS A FUNDOS - FUNREPOL,positivos_e_negativos,70,58,12,1,LR,Ridge(alpha=0.01),554237.8452085046,359119.15677666286,36.770539585720826,True,False,1.7934371829820317e-18,[1],pacf
20260527_095838,759590000,RECURSOS VINCULADOS A FUNDOS - FUNREPOL,positivos_e_negativos,70,58,12,1,SVR,"{'C': 1, 'epsilon': 0.1, 'kernel': 'linear'}",587808.9846084801,458261.6442563343,48.998731260540126,False,False,1.7934371829820317e-18,[1],pacf
20260527_095838,759590000,RECURSOS VINCULADOS A FUNDOS - FUNREPOL,positivos_e_negativos,70,58,12,1,MLP,"{'hidden_layer_sizes': (100,), 'alpha': 0.0001, 'learning_rate_init': 0.01}",584906.7608714525,449562.1151669831,47.90235693356204,False,False,1.7934371829820317e-18,[1],pacf
20260527_095838,759630000,RECURSOS VINCULADOS A FUNDOS - FEEC,apenas_positivos,67,55,12,0,N/A,N/A,,,,False,True,0.9957824131252345,[],nenhum
20260527_095838,759680301,RECURSOS VINCULADOS A FUNDOS,apenas_positivos,26,21,5,0,N/A,N/A,,,,False,True,0.21026706580152565,[],nenhum
20260527_095838,759710000,RECURSOS VINCULADOS A FUNDOS - FUNDAGRO,positivos_e_negativos,32,26,6,0,N/A,N/A,,,,False,True,0.880388297274573,[],nenhum
20260527_095838,761000000,RECURSOS VINCULADOS AO FUNDO DE COMBATE E ERRADICAÇÃO DA POBREZA,apenas_positivos,82,70,12,2,ARIMA,"(0,1,1)",4687918.251750495,2720980.120726813,8.623527208025482,False,False,1.3830519673561105e-10,"[1, 2]",pacf
20260527_095838,761000000,RECURSOS VINCULADOS AO FUNDO DE COMBATE E ERRADICAÇÃO DA POBREZA,apenas_positivos,82,70,12,2,LR,Ridge(alpha=0.01),5993934.021882281,5407601.477242339,18.94236566700654,False,False,1.3830519673561105e-10,"[1, 2]",pacf
20260527_095838,761000000,RECURSOS VINCULADOS AO FUNDO DE COMBATE E ERRADICAÇÃO DA POBREZA,apenas_positivos,82,70,12,2,SVR,"{'C': 1, 'epsilon': 0.1, 'kernel': 'rbf'}",9174881.965173718,7593941.433629823,26.333674053187366,False,False,1.3830519673561105e-10,"[1, 2]",pacf
20260527_095838,761000000,RECURSOS VINCULADOS AO FUNDO DE COMBATE E ERRADICAÇÃO DA POBREZA,apenas_positivos,82,70,12,2,MLP,"{'hidden_layer_sizes': (100, 50), 'alpha': 0.0001, 'learning_rate_init': 0.01}",4469495.062763208,2519773.1785928835,8.213432044218678,True,False,1.3830519673561105e-10,"[1, 2]",pacf
20260527_095838,799012006,CPRH/ S/A PAULISTA,apenas_positivos,48,39,9,1,ARIMA,"(3,1,0)",170.08241625570162,155.29747525325834,28.965311909021956,True,False,1.217227425389399e-11,[1],pacf
20260527_095838,799012006,CPRH/ S/A PAULISTA,apenas_positivos,48,39,9,1,LR,Ridge(alpha=0.01),215.8763391036966,197.78690972629587,36.92500213405426,False,False,1.217227425389399e-11,[1],pacf
20260527_095838,799012006,CPRH/ S/A PAULISTA,apenas_positivos,48,39,9,1,SVR,"{'C': 1, 'epsilon': 0.01, 'kernel': 'rbf'}",183.51704796210552,169.94245086460296,31.87228650182702,False,False,1.217227425389399e-11,[1],pacf
20260527_095838,799012006,CPRH/ S/A PAULISTA,apenas_positivos,48,39,9,1,MLP,"{'hidden_layer_sizes': (50,), 'alpha': 0.0001, 'learning_rate_init': 0.001}",237.37430668434897,226.69348595059668,43.111995079168096,False,False,1.217227425389399e-11,[1],pacf
20260527_095838,799012010,CPHR/ PETROQUÍMICASUAPE,positivos_e_negativos,73,61,12,1,ARIMA,"(0,1,1)",25069.021317754305,18063.226359777662,24.539269572842695,True,False,1.1354290253452514e-45,[1],pacf
20260527_095838,799012010,CPHR/ PETROQUÍMICASUAPE,positivos_e_negativos,73,61,12,1,LR,Ridge(alpha=1.0),36948.82809335742,30083.642251702084,43.48017809529387,False,False,1.1354290253452514e-45,[1],pacf
20260527_095838,799012010,CPHR/ PETROQUÍMICASUAPE,positivos_e_negativos,73,61,12,1,SVR,"{'C': 1, 'epsilon': 0.01, 'kernel': 'linear'}",36471.19036016102,29031.78177883493,41.39345345041285,False,False,1.1354290253452514e-45,[1],pacf
20260527_095838,799012010,CPHR/ PETROQUÍMICASUAPE,positivos_e_negativos,73,61,12,1,MLP,"{'hidden_layer_sizes': (100,), 'alpha': 0.0001, 'learning_rate_init': 0.001}",33685.958695943584,26627.915993017712,37.854776480783165,False,False,1.1354290253452514e-45,[1],pacf
20260527_095838,799012014,CTR IPOJUCA,apenas_positivos,47,38,9,1,ARIMA,"(1,1,0)",9822.405213056096,9035.377223912801,33.39134359980169,True,False,1.5828877706975224e-25,[1],pacf
20260527_095838,799012014,CTR IPOJUCA,apenas_positivos,47,38,9,1,LR,Ridge(alpha=0.01),10838.95270555388,10072.827199727566,37.407416961388705,False,False,1.5828877706975224e-25,[1],pacf
20260527_095838,799012014,CTR IPOJUCA,apenas_positivos,47,38,9,1,SVR,"{'C': 1, 'epsilon': 0.1, 'kernel': 'linear'}",11294.997931256496,10486.078002524593,38.92373314089965,False,False,1.5828877706975224e-25,[1],pacf
20260527_095838,799012014,CTR IPOJUCA,apenas_positivos,47,38,9,1,MLP,"{'hidden_layer_sizes': (50,), 'alpha': 0.0001, 'learning_rate_init': 0.001}",15078.300813958358,14527.145025486883,55.00551994553704,False,False,1.5828877706975224e-25,[1],pacf
20260527_095838,799012015,TCA 001/2015 - CPRH /MIN,apenas_positivos,75,63,12,10,ARIMA,"(0,1,0)",17935.226231469962,14564.340833333334,32.43601108490753,False,False,1.5118461422464176e-48,"[1, 10]",pacf
20260527_095838,799012015,TCA 001/2015 - CPRH /MIN,apenas_positivos,75,63,12,10,LR,Ridge(alpha=0.01),43272.8120225846,32781.578806027566,76.85385744727601,False,False,1.5118461422464176e-48,"[1, 10]",pacf
20260527_095838,799012015,TCA 001/2015 - CPRH /MIN,apenas_positivos,75,63,12,10,SVR,"{'C': 10, 'epsilon': 0.01, 'kernel': 'linear'}",16021.780851238842,14366.505873009852,27.54514186221525,True,False,1.5118461422464176e-48,"[1, 10]",pacf
20260527_095838,799012015,TCA 001/2015 - CPRH /MIN,apenas_positivos,75,63,12,10,MLP,"{'hidden_layer_sizes': (50,), 'alpha': 0.01, 'learning_rate_init': 0.01}",58683.58285079814,48275.587856545164,107.77970527012626,False,False,1.5118461422464176e-48,"[1, 10]",pacf
20260527_095838,799012016,TCA 003/2015 - ECOPESA AMBIENTAL,apenas_positivos,75,63,12,1,ARIMA,"(1,1,0)",1322.8145791713634,1126.1362348301348,27.444310631123624,False,False,8.618075092693643e-30,[1],pacf
20260527_095838,799012016,TCA 003/2015 - ECOPESA AMBIENTAL,apenas_positivos,75,63,12,1,LR,Ridge(alpha=0.01),2156.0509855313635,1888.987576755758,46.62995404540553,False,False,8.618075092693643e-30,[1],pacf
20260527_095838,799012016,TCA 003/2015 - ECOPESA AMBIENTAL,apenas_positivos,75,63,12,1,SVR,"{'C': 100, 'epsilon': 0.01, 'kernel': 'linear'}",1912.3648834060575,1648.4172755115635,40.353455968246756,False,False,8.618075092693643e-30,[1],pacf
20260527_095838,799012016,TCA 003/2015 - ECOPESA AMBIENTAL,apenas_positivos,75,63,12,1,MLP,"{'hidden_layer_sizes': (100,), 'alpha': 0.01, 'learning_rate_init': 0.01}",832.2861912614484,686.3204738287405,16.695192742834244,True,False,8.618075092693643e-30,[1],pacf
20260527_095838,799012019,TCA 01/2019 - MINERAÇÃO FLORESTA,apenas_positivos,42,34,8,0,N/A,N/A,,,,False,True,0.9999999998785782,[],nenhum
20260527_095838,799012020,CPRH TCCA 01/2020 - CONDOMÍNIO PRAIA DE GUADALUPE,apenas_positivos,42,34,8,0,N/A,N/A,,,,False,True,0.9999999998499094,[],nenhum
20260527_095838,799012021,CPRH - TCCA Nº 01/2021 - CTR ATERRO SANITÁRIO CAPIBARIBE,apenas_positivos,14,11,3,0,N/A,N/A,,,,False,True,0.05179376177281713,[1],nenhum
20260527_095838,799022006,CPRH/MGRBA,apenas_positivos,75,63,12,1,ARIMA,"(1,1,0)",2267.891434477542,1932.0447973933333,27.551833010975912,False,False,4.659932499283524e-59,[1],pacf
20260527_095838,799022006,CPRH/MGRBA,apenas_positivos,75,63,12,1,LR,Ridge(alpha=0.01),2946.4800098331925,2533.374870270312,36.22331593833419,False,False,4.659932499283524e-59,[1],pacf
20260527_095838,799022006,CPRH/MGRBA,apenas_positivos,75,63,12,1,SVR,"{'C': 100, 'epsilon': 0.01, 'kernel': 'linear'}",3124.668697041949,2684.962918633029,38.38812612460163,False,False,4.659932499283524e-59,[1],pacf
20260527_095838,799022006,CPRH/MGRBA,apenas_positivos,75,63,12,1,MLP,"{'hidden_layer_sizes': (100, 50), 'alpha': 0.0001, 'learning_rate_init': 0.01}",1775.0477597908484,1446.5685747038217,20.441121541820774,True,False,4.659932499283524e-59,[1],pacf
20260527_095838,799022010,CPRH/ SETUR/PE,apenas_positivos,75,63,12,1,ARIMA,"(0,1,0)",805.9828099438598,687.8008333333333,27.86994450376644,True,False,7.228382340540879e-60,[1],pacf
20260527_095838,799022010,CPRH/ SETUR/PE,apenas_positivos,75,63,12,1,LR,Ridge(alpha=0.01),1027.5522918662894,882.6119512982209,35.821790025067585,False,False,7.228382340540879e-60,[1],pacf
20260527_095838,799022010,CPRH/ SETUR/PE,apenas_positivos,75,63,12,1,SVR,"{'C': 100, 'epsilon': 0.01, 'kernel': 'linear'}",1100.2077933484484,945.3833709157825,38.38616304529675,False,False,7.228382340540879e-60,[1],pacf
20260527_095838,799022010,CPRH/ SETUR/PE,apenas_positivos,75,63,12,1,MLP,"{'hidden_layer_sizes': (100,), 'alpha': 0.001, 'learning_rate_init': 0.001}",855.0969478907581,730.3580272914693,29.589119927972185,False,False,7.228382340540879e-60,[1],pacf
20260527_095838,799022013,CPRH / L. P. DO PAIVA / COMPESA,apenas_positivos,74,62,12,1,ARIMA,"(0,1,0)",1488.3191432535561,1270.0874999999999,27.870206090529663,True,False,1.7502810691532018e-60,[1],pacf
20260527_095838,799022013,CPRH / L. P. DO PAIVA / COMPESA,apenas_positivos,74,62,12,1,LR,Ridge(alpha=0.01),1857.3978852405148,1592.1032256314054,34.95592716566162,False,False,1.7502810691532018e-60,[1],pacf
20260527_095838,799022013,CPRH / L. P. DO PAIVA / COMPESA,apenas_positivos,74,62,12,1,SVR,"{'C': 1, 'epsilon': 0.01, 'kernel': 'linear'}",2004.5939289017278,1720.8203293959687,37.81924474747168,False,False,1.7502810691532018e-60,[1],pacf
20260527_095838,799022013,CPRH / L. P. DO PAIVA / COMPESA,apenas_positivos,74,62,12,1,MLP,"{'hidden_layer_sizes': (100,), 'alpha': 0.01, 'learning_rate_init': 0.01}",2661.4588237503426,2302.718275110448,50.85861755166384,False,False,1.7502810691532018e-60,[1],pacf
20260527_095838,799022014,TCA 001 / 2014 - PETROQUÝMICA SUAPE,apenas_positivos,75,63,12,10,ARIMA,"(1,1,0)",40181.57323429505,34221.96423286164,27.50891176699036,False,False,7.54448412784662e-30,"[1, 10]",pacf
20260527_095838,799022014,TCA 001 / 2014 - PETROQUÝMICA SUAPE,apenas_positivos,75,63,12,10,LR,Ridge(alpha=0.01),222760.58406149555,195101.6908744924,160.54979169183244,False,False,7.54448412784662e-30,"[1, 10]",pacf
20260527_095838,799022014,TCA 001 / 2014 - PETROQUÝMICA SUAPE,apenas_positivos,75,63,12,10,SVR,"{'C': 1, 'epsilon': 0.01, 'kernel': 'linear'}",13476.064102648339,11796.965997997298,10.634848102470102,True,False,7.54448412784662e-30,"[1, 10]",pacf
20260527_095838,799022014,TCA 001 / 2014 - PETROQUÝMICA SUAPE,apenas_positivos,75,63,12,10,MLP,"{'hidden_layer_sizes': (100,), 'alpha': 0.01, 'learning_rate_init': 0.01}",63925.03983806716,59894.45404753673,51.540831255058315,False,False,7.54448412784662e-30,"[1, 10]",pacf
20260527_095838,799022016,TCA 002/2015 - SECID,apenas_positivos,75,63,12,1,ARIMA,"(0,1,0)",5814.830254781734,4951.259166666666,25.22762406058911,False,False,1.6903153746957342e-64,[1],pacf
20260527_095838,799022016,TCA 002/2015 - SECID,apenas_positivos,75,63,12,1,LR,Ridge(alpha=0.01),7281.725253768757,6276.1544746557765,32.15404477440258,False,False,1.6903153746957342e-64,[1],pacf
20260527_095838,799022016,TCA 002/2015 - SECID,apenas_positivos,75,63,12,1,SVR,"{'C': 10, 'epsilon': 0.01, 'kernel': 'linear'}",7568.890738978377,6517.021728555502,33.37944194166926,False,False,1.6903153746957342e-64,[1],pacf
20260527_095838,799022016,TCA 002/2015 - SECID,apenas_positivos,75,63,12,1,MLP,"{'hidden_layer_sizes': (50, 50), 'alpha': 0.01, 'learning_rate_init': 0.001}",5229.145650876096,4400.127062077624,22.340180845440273,True,False,1.6903153746957342e-64,[1],pacf
20260527_095838,799032013,CPRH / B. ENG. MARANHÒO / COMPESA,apenas_positivos,75,63,12,2,ARIMA,"(0,1,1)",3812.082183039552,3241.0636034361437,24.93907242566047,True,False,6.228596622222499e-37,"[1, 2]",pacf
20260527_095838,799032013,CPRH / B. ENG. MARANHÒO / COMPESA,apenas_positivos,75,63,12,2,LR,Ridge(alpha=0.01),5972.24022548274,5288.565353206849,41.46184350161976,False,False,6.228596622222499e-37,"[1, 2]",pacf
20260527_095838,799032013,CPRH / B. ENG. MARANHÒO / COMPESA,apenas_positivos,75,63,12,2,SVR,"{'C': 1, 'epsilon': 0.01, 'kernel': 'linear'}",4811.240585190349,4128.766666012972,31.900773186558133,False,False,6.228596622222499e-37,"[1, 2]",pacf
20260527_095838,799032013,CPRH / B. ENG. MARANHÒO / COMPESA,apenas_positivos,75,63,12,2,MLP,"{'hidden_layer_sizes': (100, 50), 'alpha': 0.001, 'learning_rate_init': 0.001}",3994.6049418869598,3397.7460885134883,26.141930644909866,False,False,6.228596622222499e-37,"[1, 2]",pacf
20260527_095838,799042013,CPRH / B. ENG. PEREIRA / COMPESA,apenas_positivos,75,63,12,10,ARIMA,"(1,1,0)",4393.049467816079,3742.6928076978725,27.560602543024764,True,False,3.355755254942991e-40,"[1, 10]",pacf
20260527_095838,799042013,CPRH / B. ENG. PEREIRA / COMPESA,apenas_positivos,75,63,12,10,LR,Ridge(alpha=0.01),6252.805499302452,5567.3113202868735,42.633885259082646,False,False,3.355755254942991e-40,"[1, 10]",pacf
20260527_095838,799042013,CPRH / B. ENG. PEREIRA / COMPESA,apenas_positivos,75,63,12,10,SVR,"{'C': 10, 'epsilon': 0.01, 'kernel': 'linear'}",5304.848523823214,4510.0331536009835,33.14170220428296,False,False,3.355755254942991e-40,"[1, 10]",pacf
20260527_095838,799042013,CPRH / B. ENG. PEREIRA / COMPESA,apenas_positivos,75,63,12,10,MLP,"{'hidden_layer_sizes': (100,), 'alpha': 0.001, 'learning_rate_init': 0.01}",6252.117163574058,5895.051963330848,47.05520677744521,False,False,3.355755254942991e-40,"[1, 10]",pacf
20260527_095838,799042016,TCA  027/2016  -  BARRAGEM SERRO AZUL,apenas_positivos,80,68,12,1,ARIMA,"(2,1,0)",24843.470668276877,20658.073147904342,111.893518071321,True,False,5.501718462295525e-68,[1],pacf
20260527_095838,799042016,TCA  027/2016  -  BARRAGEM SERRO AZUL,apenas_positivos,80,68,12,1,LR,Ridge(alpha=0.01),36795.84923703396,32601.179732963497,108.80416209335957,False,False,5.501718462295525e-68,[1],pacf
20260527_095838,799042016,TCA  027/2016  -  BARRAGEM SERRO AZUL,apenas_positivos,80,68,12,1,SVR,"{'C': 100, 'epsilon': 0.1, 'kernel': 'linear'}",29354.674732428175,25589.9317715433,112.39994645404856,False,False,5.501718462295525e-68,[1],pacf
20260527_095838,799042016,TCA  027/2016  -  BARRAGEM SERRO AZUL,apenas_positivos,80,68,12,1,MLP,"{'hidden_layer_sizes': (100,), 'alpha': 0.0001, 'learning_rate_init': 0.01}",49786.94547249334,44892.444273891866,194.78252980309395,False,False,5.501718462295525e-68,[1],pacf
20260527_095838,799052013,CPRH / FIAT,positivos_e_negativos,74,62,12,2,ARIMA,"(0,1,1)",13735.827230620594,11688.406002215235,25.103228471044524,True,False,8.589538903384981e-41,"[1, 2]",pacf
20260527_095838,799052013,CPRH / FIAT,positivos_e_negativos,74,62,12,2,LR,Ridge(alpha=0.01),20181.26604669561,17683.978246891525,38.495165178727326,False,False,8.589538903384981e-41,"[1, 2]",pacf
20260527_095838,799052013,CPRH / FIAT,positivos_e_negativos,74,62,12,2,SVR,"{'C': 0.1, 'epsilon': 0.1, 'kernel': 'linear'}",18330.403801656965,15864.754766884085,34.3363584077917,False,False,8.589538903384981e-41,"[1, 2]",pacf
20260527_095838,799052013,CPRH / FIAT,positivos_e_negativos,74,62,12,2,MLP,"{'hidden_layer_sizes': (50,), 'alpha': 0.01, 'learning_rate_init': 0.001}",16663.450936029683,14734.827815622824,32.19309103157962,False,False,8.589538903384981e-41,"[1, 2]",pacf
20260527_095838,799052016,TCA  059/2016  -  CTR CARUARU,apenas_positivos,48,39,9,1,ARIMA,"(0,1,0)",402.3916954080107,356.2511111111111,24.41881712482364,False,False,1.5060143894221255e-17,[1],pacf
20260527_095838,799052016,TCA  059/2016  -  CTR CARUARU,apenas_positivos,48,39,9,1,LR,Ridge(alpha=0.01),82.02671543084996,62.65796092609225,4.325537752575369,True,False,1.5060143894221255e-17,[1],pacf
20260527_095838,799052016,TCA  059/2016  -  CTR CARUARU,apenas_positivos,48,39,9,1,SVR,"{'C': 100, 'epsilon': 0.01, 'kernel': 'linear'}",571.5195881437969,509.76395586435933,35.03868753254065,False,False,1.5060143894221255e-17,[1],pacf
20260527_095838,799052016,TCA  059/2016  -  CTR CARUARU,apenas_positivos,48,39,9,1,MLP,"{'hidden_layer_sizes': (50,), 'alpha': 0.001, 'learning_rate_init': 0.01}",259.1832661760017,211.22969983156665,17.057720721048504,False,False,1.5060143894221255e-17,[1],pacf
20260527_095838,799062013,CPRH / RNEST / PETROBRSSS,positivos_e_negativos,76,64,12,1,ARIMA,"(2,1,0)",654471.1446226367,567978.9945838844,25.98187757216503,False,False,1.7232804977770268e-72,[1],pacf
20260527_095838,799062013,CPRH / RNEST / PETROBRSSS,positivos_e_negativos,76,64,12,1,LR,Ridge(alpha=1.0),777793.3776973796,673081.8617086714,30.73395049019691,False,False,1.7232804977770268e-72,[1],pacf
20260527_095838,799062013,CPRH / RNEST / PETROBRSSS,positivos_e_negativos,76,64,12,1,SVR,"{'C': 100, 'epsilon': 0.1, 'kernel': 'linear'}",704582.6795232465,609739.7906095547,27.857514502138613,False,False,1.7232804977770268e-72,[1],pacf
20260527_095838,799062013,CPRH / RNEST / PETROBRSSS,positivos_e_negativos,76,64,12,1,MLP,"{'hidden_layer_sizes': (100, 50), 'alpha': 0.01, 'learning_rate_init': 0.001}",509707.84586798813,429521.50944347674,19.56204585865206,True,False,1.7232804977770268e-72,[1],pacf
20260527_095838,799062016,ATERRO SANITSSRIO DE CARUARU - TCA   063/2016,apenas_positivos,48,39,9,1,ARIMA,"(1,1,0)",452.61256847231925,410.03590580590065,27.32414751283276,False,False,1.0321149812943697e-24,[1],pacf
20260527_095838,799062016,ATERRO SANITSSRIO DE CARUARU - TCA   063/2016,apenas_positivos,48,39,9,1,LR,Ridge(alpha=0.01),503.89489567386755,450.5831888000162,29.87600702024994,False,False,1.0321149812943697e-24,[1],pacf
20260527_095838,799062016,ATERRO SANITSSRIO DE CARUARU - TCA   063/2016,apenas_positivos,48,39,9,1,SVR,"{'C': 100, 'epsilon': 0.01, 'kernel': 'linear'}",568.5705745822705,507.0030803719445,33.58894180414792,False,False,1.0321149812943697e-24,[1],pacf
20260527_095838,799062016,ATERRO SANITSSRIO DE CARUARU - TCA   063/2016,apenas_positivos,48,39,9,1,MLP,"{'hidden_layer_sizes': (100, 50), 'alpha': 0.0001, 'learning_rate_init': 0.001}",438.9171892563377,392.32797572105466,26.010490465093657,True,False,1.0321149812943697e-24,[1],pacf
20260527_095838,799072013,CPRH/CTR PETROLINA,positivos_e_negativos,70,58,12,1,ARIMA,"(0,1,0)",206.78658575932823,165.3716666666667,23.178106760135588,True,False,3.372685145576334e-54,[1],pacf
20260527_095838,799072013,CPRH/CTR PETROLINA,positivos_e_negativos,70,58,12,1,LR,Ridge(alpha=0.01),261.24365674166205,210.59917142903566,29.490935166742144,False,False,3.372685145576334e-54,[1],pacf
20260527_095838,799072013,CPRH/CTR PETROLINA,positivos_e_negativos,70,58,12,1,SVR,"{'C': 100, 'epsilon': 0.01, 'kernel': 'linear'}",289.5538687839039,234.18413499332374,32.831783612503614,False,False,3.372685145576334e-54,[1],pacf
20260527_095838,799072013,CPRH/CTR PETROLINA,positivos_e_negativos,70,58,12,1,MLP,"{'hidden_layer_sizes': (100, 50), 'alpha': 0.001, 'learning_rate_init': 0.001}",378.3875696829383,325.6231090428323,47.14980480775311,False,False,3.372685145576334e-54,[1],pacf
20260527_095838,799102013,CPRH/ESTALEIRO PROMAR,apenas_positivos,75,63,12,1,ARIMA,"(0,1,0)",6873.133878646626,5954.168333333332,24.321113081919446,False,False,2.83869265389613e-43,[1],pacf
20260527_095838,799102013,CPRH/ESTALEIRO PROMAR,apenas_positivos,75,63,12,1,LR,Ridge(alpha=0.01),4977.137053882782,4313.123709590544,17.660973471653307,True,False,2.83869265389613e-43,[1],pacf
20260527_095838,799102013,CPRH/ESTALEIRO PROMAR,apenas_positivos,75,63,12,1,SVR,"{'C': 100, 'epsilon': 0.01, 'kernel': 'linear'}",5666.708016561615,4916.926616377453,20.115105430837623,False,False,2.83869265389613e-43,[1],pacf
20260527_095838,799102013,CPRH/ESTALEIRO PROMAR,apenas_positivos,75,63,12,1,MLP,"{'hidden_layer_sizes': (100,), 'alpha': 0.01, 'learning_rate_init': 0.01}",9281.470555557808,8227.287851738507,33.94090030087785,False,False,2.83869265389613e-43,[1],pacf
20260527_095838,799112004,CPRH/SUAPE/TERMOPE/UNIDADE DE CONSERVAÃ+O,apenas_positivos,75,63,12,0,N/A,N/A,,,,False,True,0.9999999974515748,[],nenhum
20260527_095838,799112013,CPRH / B. BREJÂO / SRHE,apenas_positivos,31,25,6,1,ARIMA,"(0,1,0)",0.07968688725254615,0.07166666666666668,16.06268592979557,False,False,1.0991441170107597e-09,[1],pacf
20260527_095838,799112013,CPRH / B. BREJÂO / SRHE,apenas_positivos,31,25,6,1,LR,Ridge(alpha=0.01),28.351329040596916,26.625024223147964,6048.600842914995,False,False,1.0991441170107597e-09,[1],pacf
20260527_095838,799112013,CPRH / B. BREJÂO / SRHE,apenas_positivos,31,25,6,1,SVR,"{'C': 100, 'epsilon': 0.01, 'kernel': 'rbf'}",1.1885714245656844,1.0819097881872322,245.34052490457833,False,False,1.0991441170107597e-09,[1],pacf
20260527_095838,799112013,CPRH / B. BREJÂO / SRHE,apenas_positivos,31,25,6,1,MLP,"{'hidden_layer_sizes': (100,), 'alpha': 0.0001, 'learning_rate_init': 0.001}",0.049175007095544246,0.04202702473222019,9.33983837961491,True,False,1.0991441170107597e-09,[1],pacf
20260527_095838,799122013,CONTORNO DO CABO / SUAPE,apenas_positivos,75,63,12,1,ARIMA,"(0,1,0)",8814.050484010364,6554.3983333333335,29.24414453271159,False,False,1.690852459221728e-64,[1],pacf
20260527_095838,799122013,CONTORNO DO CABO / SUAPE,apenas_positivos,75,63,12,1,LR,Ridge(alpha=0.01),9978.190883347763,7839.093264964639,35.82682738084863,False,False,1.690852459221728e-64,[1],pacf
20260527_095838,799122013,CONTORNO DO CABO / SUAPE,apenas_positivos,75,63,12,1,SVR,"{'C': 100, 'epsilon': 0.01, 'kernel': 'linear'}",10202.950495342124,8073.351670494467,37.009609621726554,False,False,1.690852459221728e-64,[1],pacf
20260527_095838,799122013,CONTORNO DO CABO / SUAPE,apenas_positivos,75,63,12,1,MLP,"{'hidden_layer_sizes': (50, 50), 'alpha': 0.01, 'learning_rate_init': 0.001}",8334.73875144023,6019.987526010283,26.54938632185047,True,False,1.690852459221728e-64,[1],pacf
20260527_095838,799662005,CPRH / CAMARGO CORREIA,positivos_e_negativos,74,62,12,1,ARIMA,"(1,1,0)",17728.072605156136,8349.71978127224,30.2606088216326,True,False,1.8720002667385604e-38,[1],pacf
20260527_095838,799662005,CPRH / CAMARGO CORREIA,positivos_e_negativos,74,62,12,1,LR,Ridge(alpha=1.0),18748.184651465963,10345.95386922778,43.83594435032524,False,False,1.8720002667385604e-38,[1],pacf
20260527_095838,799662005,CPRH / CAMARGO CORREIA,positivos_e_negativos,74,62,12,1,SVR,"{'C': 0.1, 'epsilon': 0.1, 'kernel': 'linear'}",18744.429934965825,10320.675347455912,43.72043157387134,False,False,1.8720002667385604e-38,[1],pacf
20260527_095838,799662005,CPRH / CAMARGO CORREIA,positivos_e_negativos,74,62,12,1,MLP,"{'hidden_layer_sizes': (50, 50), 'alpha': 0.0001, 'learning_rate_init': 0.001}",17964.225688816212,8814.307443490101,33.40295942215495,False,False,1.8720002667385604e-38,[1],pacf
20260527_095838,799812005,CPRH/BRAVEL,apenas_positivos,74,62,12,10,ARIMA,"(0,1,1)",3737.658751208822,3107.9766741771987,29.81907202402367,True,False,1.3025397398712148e-26,"[1, 10]",pacf
20260527_095838,799812005,CPRH/BRAVEL,apenas_positivos,74,62,12,10,LR,Ridge(alpha=0.01),165365.9727781647,95929.09112048993,938.6619427474839,False,False,1.3025397398712148e-26,"[1, 10]",pacf
20260527_095838,799812005,CPRH/BRAVEL,apenas_positivos,74,62,12,10,SVR,"{'C': 100, 'epsilon': 0.01, 'kernel': 'linear'}",4406.454241276668,3872.2800195734126,38.598199456958696,False,False,1.3025397398712148e-26,"[1, 10]",pacf
20260527_095838,799812005,CPRH/BRAVEL,apenas_positivos,74,62,12,10,MLP,"{'hidden_layer_sizes': (100,), 'alpha': 0.01, 'learning_rate_init': 0.01}",88096.65139037363,65893.22773066907,668.3012416595644,False,False,1.3025397398712148e-26,"[1, 10]",pacf
20260527_095838,800000000,RECURSOS VINCULADOS AO RPPS - FUNDO EM CAPITALIZAÇÃO (PLANO PREVIDENCIÁRIO),apenas_positivos,66,54,12,2,ARIMA,"(2,1,2)",8396442.200140517,7867100.116531968,23.618660028079276,True,False,7.232242945442979e-40,"[1, 2]",pacf
20260527_095838,800000000,RECURSOS VINCULADOS AO RPPS - FUNDO EM CAPITALIZAÇÃO (PLANO PREVIDENCIÁRIO),apenas_positivos,66,54,12,2,LR,Ridge(alpha=0.1),13940237.420337038,12968264.263998657,38.62524655940325,False,False,7.232242945442979e-40,"[1, 2]",pacf
20260527_095838,800000000,RECURSOS VINCULADOS AO RPPS - FUNDO EM CAPITALIZAÇÃO (PLANO PREVIDENCIÁRIO),apenas_positivos,66,54,12,2,SVR,"{'C': 10, 'epsilon': 0.01, 'kernel': 'linear'}",17543547.15548949,16339345.30525574,48.7786592208673,False,False,7.232242945442979e-40,"[1, 2]",pacf
20260527_095838,800000000,RECURSOS VINCULADOS AO RPPS - FUNDO EM CAPITALIZAÇÃO (PLANO PREVIDENCIÁRIO),apenas_positivos,66,54,12,2,MLP,"{'hidden_layer_sizes': (100, 50), 'alpha': 0.01, 'learning_rate_init': 0.001}",16060873.437722646,15176211.393189803,45.58495767142275,False,False,7.232242945442979e-40,"[1, 2]",pacf
20260527_095838,801000000,RECURSOS VINCULADOS AO RPPS - FUNDO EM REPARTIÇÃO (PLANO FINANCEIRO),apenas_positivos,82,70,12,12,ARIMA,"(2,2,1)",66574739.021205656,39271784.91892598,12.563104488275098,False,False,1.5284868483364883e-16,"[1, 3, 10, 12]",pacf
20260527_095838,801000000,RECURSOS VINCULADOS AO RPPS - FUNDO EM REPARTIÇÃO (PLANO FINANCEIRO),apenas_positivos,82,70,12,12,LR,Ridge(alpha=10.0),68317783.93186067,53611790.55351772,18.814713865838705,False,False,1.5284868483364883e-16,"[1, 3, 10, 12]",pacf
20260527_095838,801000000,RECURSOS VINCULADOS AO RPPS - FUNDO EM REPARTIÇÃO (PLANO FINANCEIRO),apenas_positivos,82,70,12,12,SVR,"{'C': 0.1, 'epsilon': 0.1, 'kernel': 'linear'}",69159104.74615802,48825596.58818979,16.585726550286818,False,False,1.5284868483364883e-16,"[1, 3, 10, 12]",pacf
20260527_095838,801000000,RECURSOS VINCULADOS AO RPPS - FUNDO EM REPARTIÇÃO (PLANO FINANCEIRO),apenas_positivos,82,70,12,12,MLP,"{'hidden_layer_sizes': (50,), 'alpha': 0.01, 'learning_rate_init': 0.001}",58465572.473126896,33740718.1326601,10.729136885295683,True,False,1.5284868483364883e-16,"[1, 3, 10, 12]",pacf
20260527_095838,803000000,RECURSOS VINCULADOS AO SISTEMA DE PROTEÇÃO SOCIAL DOS MILITARES (SPSM),apenas_positivos,82,70,12,12,ARIMA,"(2,0,1)",9598346.498653106,4972447.488970275,10.314917075168587,False,False,0.007894757961769307,"[2, 12]",pacf
20260527_095838,803000000,RECURSOS VINCULADOS AO SISTEMA DE PROTEÇÃO SOCIAL DOS MILITARES (SPSM),apenas_positivos,82,70,12,12,LR,Ridge(alpha=100.0),9735705.997088341,3980590.2643198795,7.433304701894618,False,False,0.007894757961769307,"[2, 12]",pacf
20260527_095838,803000000,RECURSOS VINCULADOS AO SISTEMA DE PROTEÇÃO SOCIAL DOS MILITARES (SPSM),apenas_positivos,82,70,12,12,SVR,"{'C': 0.1, 'epsilon': 1, 'kernel': 'rbf'}",9243874.243699774,5622994.726189115,12.458659588304029,True,False,0.007894757961769307,"[2, 12]",pacf
20260527_095838,803000000,RECURSOS VINCULADOS AO SISTEMA DE PROTEÇÃO SOCIAL DOS MILITARES (SPSM),apenas_positivos,82,70,12,12,MLP,"{'hidden_layer_sizes': (50,), 'alpha': 0.01, 'learning_rate_init': 0.001}",11057875.997638786,5101825.265155331,10.303833659648696,False,False,0.007894757961769307,"[2, 12]",pacf
